categoria;centroide_lat;centroide_lon;fuente;id;nombre;nombre_completo;provincia_id;provincia_interseccion;provincia_nombre
Partido;-345.118.758.903.445;-587.776.710.941.743;ARBA - Gerencia de Servicios Catastrales;6412;JosÈ C. Paz;Partido de Jos√© C. Paz;6;0.000159541555300346;Buenos Aires
Partido;-379.642.254.145.303;-602.490.776.485.677;ARBA - Gerencia de Servicios Catastrales;6014;Adolfo Gonzales Chaves;Partido de Adolfo Gonzales Chaves;6;0.0125905088949268;Buenos Aires
Partido;-371.532.136.536.641;-572.307.866.316.173;ARBA - Gerencia de Servicios Catastrales;6315;General Juan Madariaga;Partido de General Juan Madariaga;6;0.00981205771863197;Buenos Aires
Partido;-373.356.554.181.577;-59.181.805.577.778;ARBA - Gerencia de Servicios Catastrales;6791;Tandil;Partido de Tandil;6;0.0159719409591909;Buenos Aires
Partido;-381.477.437.843.902;-612.646.589.620.305;ARBA - Gerencia de Servicios Catastrales;6196;Coronel Pringles;Partido de Coronel Pringles;6;0.0175219905245948;Buenos Aires
Partido;-343.815.893.993.371;-58.599.453.988.125;ARBA - Gerencia de Servicios Catastrales;6805;Tigre;Partido de Tigre;6;0.00125438077333215;Buenos Aires
Partido;-38.255.785.801.668;-622.904.249.803.924;ARBA - Gerencia de Servicios Catastrales;6819;Tornquist;Partido de Tornquist;6;0.0139376732756443;Buenos Aires
Partido;-341.381.957.287.934;-588.830.222.693.056;ARBA - Gerencia de Servicios Catastrales;6126;Campana;Partido de Campana;6;0.00313005308982748;Buenos Aires
Partido;-368.865.728.387.855;-57.586.173.153.195;ARBA - Gerencia de Servicios Catastrales;6511;Maip˙;Partido de Maip√∫;6;0.00853022543048363;Buenos Aires
Partido;-371.963.357.906.582;-630.560.072.843.652;ARBA - Gerencia de Servicios Catastrales;6007;Adolfo Alsina;Partido de Adolfo Alsina;6;0.0193250422540216;Buenos Aires
Partido;-380.746.044.477.032;-630.577.463.401.906;ARBA - Gerencia de Servicios Catastrales;6651;Pu·n;Partido de Pu√°n;6;0.0211889371433203;Buenos Aires
Partido;-391.296.648.457.138;-627.268.024.308.429;ARBA - Gerencia de Servicios Catastrales;6875;Villarino;Partido de Villarino;6;0.0351320691680793;Buenos Aires
Partido;-347.687.371.057.529;-629.535.454.567.251;ARBA - Gerencia de Servicios Catastrales;6392;General Villegas;Partido de General Villegas;6;0.0231909877146645;Buenos Aires
Partido;-337.819.425.849.294;-597.825.917.634.816;ARBA - Gerencia de Servicios Catastrales;6770;San Pedro;Partido de San Pedro;6;0.0042829856340461;Buenos Aires
Partido;-349.157.089.757.004;-599.584.822.196.811;ARBA - Gerencia de Servicios Catastrales;6224;Chivilcoy;Partido de Chivilcoy;6;0.00657012987732837;Buenos Aires
Partido;-360.345.220.351.902;-601.333.612.561.516;ARBA - Gerencia de Servicios Catastrales;6287;General Alvear;Partido de General Alvear;6;0.0109176337432274;Buenos Aires
Partido;-36.041.669.400.313;-576.570.625.692.977;ARBA - Gerencia de Servicios Catastrales;6168;Castelli;Partido de Castelli;6;0.0068617476074117;Buenos Aires
Partido;-348.355.700.988.623;-583.673.978.494.737;ARBA - Gerencia de Servicios Catastrales;6028;Almirante Brown;Partido de Almirante Brown;6;0.000413465514068435;Buenos Aires
Partido;-350.034.938.070.318;-580.180.274.992.052;ARBA - Gerencia de Servicios Catastrales;6441;La Plata;Partido de La Plata;6;0.00285154539959293;Buenos Aires
Partido;-352.221.104.711.751;-581.760.719.473.086;ARBA - Gerencia de Servicios Catastrales;6119;Brandsen;Partido de Brandsen;6;0.00358662931280689;Buenos Aires
Partido;-355.265.113.228.112;-602.301.576.569.223;ARBA - Gerencia de Servicios Catastrales;6854;25 de Mayo;Partido de 25 de Mayo;6;0.015400089407453;Buenos Aires
Partido;-358.833.833.438.579;-619.271.985.156.994;ARBA - Gerencia de Servicios Catastrales;6609;PehuajÛ;Partido de Pehuaj√≥;6;0.0146398498700398;Buenos Aires
Partido;-358.349.745.328.235;-586.980.461.310.919;ARBA - Gerencia de Servicios Catastrales;6301;General Belgrano;Partido de General Belgrano;6;0.00598271675513779;Buenos Aires
Partido;-355.103.702.936.319;-587.694.635.013.319;ARBA - Gerencia de Servicios Catastrales;6547;Monte;Partido de Monte;6;0.00607613799043296;Buenos Aires
Partido;-354.811.110.714.388;-593.595.940.527.063;ARBA - Gerencia de Servicios Catastrales;6693;Roque PÈrez;Partido de Roque P√©rez;6;0.0049847009922423;Buenos Aires
Partido;-344.481.990.221.196;-589.034.413.925.773;ARBA - Gerencia de Servicios Catastrales;6638;Pilar;Partido de Pilar;6;0.00122258442314009;Buenos Aires
Partido;-345.676.194.636.906;-591.585.123.543.241;ARBA - Gerencia de Servicios Catastrales;6497;Luj·n;Partido de Luj√°n;6;0.00246052711419248;Buenos Aires
Partido;-367.857.719.233.293;-5.969.665.215.894;ARBA - Gerencia de Servicios Catastrales;6049;Azul;Partido de Azul;6;0.0213800434738094;Buenos Aires
Partido;-347.108.867.791.705;-587.418.777.656.329;ARBA - Gerencia de Servicios Catastrales;6539;Merlo;Partido de Merlo;6;0.000554747950090296;Buenos Aires
Partido;-346.184.039.263.126;-603.539.279.007.252;ARBA - Gerencia de Servicios Catastrales;6210;Chacabuco;Partido de Chacabuco;6;0.00731481585143269;Buenos Aires
Partido;-344.067.983.092.213;-598.842.434.040.917;ARBA - Gerencia de Servicios Catastrales;6161;Carmen de Areco;Partido de Carmen de Areco;6;0.00337092985162865;Buenos Aires
Partido;-346.503.494.927.057;-589.879.503.249.052;ARBA - Gerencia de Servicios Catastrales;6364;General RodrÌguez;Partido de General Rodr√≠guez;6;0.00116279938210666;Buenos Aires
Partido;-342.951.491.690.699;-591.559.117.007.684;ARBA - Gerencia de Servicios Catastrales;6266;ExaltaciÛn de la Cruz;Partido de Exaltaci√≥n de la Cruz;6;0.00201733655642528;Buenos Aires
Partido;-345.520.919.648.351;-586.917.055.208.826;ARBA - Gerencia de Servicios Catastrales;6760;San Miguel;Partido de San Miguel;6;0.000263558744820331;Buenos Aires
Partido;-344.377.851.586.384;-594.732.938.848.478;ARBA - Gerencia de Servicios Catastrales;6728;San AndrÈs de Giles;Partido de San Andr√©s de Giles;6;0.00358541171551044;Buenos Aires
Partido;-34.546.128.336.039;-610.054.940.705.488;ARBA - Gerencia de Servicios Catastrales;6413;JunÌn;Partido de Jun√≠n;6;0.00717020912286574;Buenos Aires
Partido;-348.137.199.832.046;-588.480.634.347.315;ARBA - Gerencia de Servicios Catastrales;6525;Marcos Paz;Partido de Marcos Paz;6;0.00135512886724467;Buenos Aires
Partido;-346.971.944.325.993;-5.942.081.198.401;ARBA - Gerencia de Servicios Catastrales;6532;Mercedes;Partido de Mercedes;6;0.0033471476123561;Buenos Aires
Partido;-345.992.140.053.733;-586.496.943.606.349;ARBA - Gerencia de Servicios Catastrales;6408;Hurlingham;Partido de Hurlingham;6;0.000112721177090724;Buenos Aires
Partido;-346.491.410.653.179;-586.198.433.488.168;ARBA - Gerencia de Servicios Catastrales;6568;MorÛn;Partido de Mor√≥n;6;0.00017634944491009;Buenos Aires
Partido;-345.526.490.761.118;-585.643.145.358.763;ARBA - Gerencia de Servicios Catastrales;6371;Ciudad Libertador San MartÌn;Partido de Ciudad Libertador San Mart√≠n;6;0.000179302728611812;Buenos Aires
Partido;-346.360.018.167.543;-586.887.583.352.667;ARBA - Gerencia de Servicios Catastrales;6410;ItuzaingÛ;Partido de Ituzaing√≥;6;0.00012135958861739;Buenos Aires
Partido;-347.485.629.683.304;-597.034.737.442.182;ARBA - Gerencia de Servicios Catastrales;6784;Suipacha;Partido de Suipacha;6;0.00300618616138163;Buenos Aires
Partido;-345.959.797.363.173;-585.790.926.022.347;ARBA - Gerencia de Servicios Catastrales;6840;Tres de Febrero;Partido de Tres de Febrero;6;0.000145526894996952;Buenos Aires
Partido;-350.363.817.959.326;-602.828.693.081.193;ARBA - Gerencia de Servicios Catastrales;6021;Alberti;Partido de Alberti;6;0.00357136702956445;Buenos Aires
Partido;-347.057.824.914.432;-583.954.484.986.693;ARBA - Gerencia de Servicios Catastrales;6434;Lan˙s;Partido de Lan√∫s;6;0.000163480932835015;Buenos Aires
Partido;-349.094.258.328.137;-589.958.733.938.567;ARBA - Gerencia de Servicios Catastrales;6329;General Las Heras;Partido de General Las Heras;6;0.00240562185168829;Buenos Aires
Partido;-347.554.708.441.214;-58.424.078.867.213;ARBA - Gerencia de Servicios Catastrales;6490;Lomas de Zamora;Partido de Lomas de Zamora;6;0.000279534328995909;Buenos Aires
Partido;-350.304.083.582.525;-59.429.785.480.408;ARBA - Gerencia de Servicios Catastrales;6574;Navarro;Partido de Navarro;6;0.0051849074403453;Buenos Aires
Partido;-351.450.252.367.714;-586.907.790.273.655;ARBA - Gerencia de Servicios Catastrales;6134;CaÒuelas;Partido de Ca√±uelas;6;0.00381614792158832;Buenos Aires
Partido;-352.195.598.528.609;-591.458.071.242.931;ARBA - Gerencia de Servicios Catastrales;6483;Lobos;Partido de Lobos;6;0.00553811444140763;Buenos Aires
Partido;-347.350.141.996.909;-582.768.874.201.614;ARBA - Gerencia de Servicios Catastrales;6658;Quilmes;Partido de Quilmes;6;0.000292309021106538;Buenos Aires
Partido;-362.023.512.628.961;-583.408.970.254.988;ARBA - Gerencia de Servicios Catastrales;6630;Pila;Partido de Pila;6;0.0112128437314099;Buenos Aires
Partido;-373.557.097.661.663;-613.442.438.803.068;ARBA - Gerencia de Servicios Catastrales;6322;General La Madrid;Partido de General La Madrid;6;0.0158668589746562;Buenos Aires
Partido;-362.982.217.499.893;-611.496.836.148.108;ARBA - Gerencia de Servicios Catastrales;6105;BolÌvar;Partido de San Bol√≠var;6;0.0160307950194283;Buenos Aires
Partido;-377.142.728.188.627;-582.720.776.945.726;ARBA - Gerencia de Servicios Catastrales;6063;Balcarce;Partido de Balcarce;6;0.013644967977158;Buenos Aires
Partido;-362.593.312.232.241;-616.600.936.665.535;ARBA - Gerencia de Servicios Catastrales;6406;HipÛlito Yrigoyen;Partido de Hip√≥lito Yrigoyen;6;0.00535554793166332;Buenos Aires
Partido;-363.986.615.531.875;-576.326.112.997.092;ARBA - Gerencia de Servicios Catastrales;6238;Dolores;Partido de Dolores;6;0.00642093785687824;Buenos Aires
Partido;-364.973.152.716.526;-628.634.418.902.354;ARBA - Gerencia de Servicios Catastrales;6847;Tres Lomas;Partido de Tres Lomas;6;0.00409292824505555;Buenos Aires
Partido;-370.347.821.696.395;-58.442.581.327.328;ARBA - Gerencia de Servicios Catastrales;6042;Ayacucho;Partido de Ayacucho;6;0.0221727758678264;Buenos Aires
Partido;-346.683.135.254.839;-620.397.484.845.208;ARBA - Gerencia de Servicios Catastrales;6351;General Pinto;Partido de General Pinto;6;0.00813990424343015;Buenos Aires
Partido;-368.905.500.665.858;-624.187.740.896.092;ARBA - Gerencia de Servicios Catastrales;6399;GuaminÌ;Partido de Guamin√≠;6;0.0158138991157625;Buenos Aires
Partido;-346.782.056.572.194;-58.341.116.892.125;ARBA - Gerencia de Servicios Catastrales;6035;Avellaneda;Partido de Avellaneda;6;0.000179377277841593;Buenos Aires
Partido;-338.860.220.920.375;-610.633.674.925.405;ARBA - Gerencia de Servicios Catastrales;6175;ColÛn;Partido de Col√≥n;6;0.00315359685467677;Buenos Aires
Partido;-383.886.180.658.492;-595.866.369.475.028;ARBA - Gerencia de Servicios Catastrales;6742;San Cayetano;Partido de San Cayetano;6;0.010047085737695;Buenos Aires
Partido;-385.116.665.533.312;-602.376.664.741.026;ARBA - Gerencia de Servicios Catastrales;6833;Tres Arroyos;Partido de Tres Arroyos;6;0.0198482766976844;Buenos Aires
Partido;-377.710.550.160.995;-624.351.452.974.673;ARBA - Gerencia de Servicios Catastrales;6700;Saavedra;Partido de Saavedra;6;0.0117201108314097;Buenos Aires
Partido;-3.896.257.223.668;-612.904.738.793.276;ARBA - Gerencia de Servicios Catastrales;6553;Monte Hermoso;Partido de Monte Hermoso;6;0.000693471568969936;Buenos Aires
Partido;-380.897.033.467.581;-586.939.656.644.915;ARBA - Gerencia de Servicios Catastrales;6476;LoberÌa;Partido de Lober√≠a;6;0.0157299560653574;Buenos Aires
Partido;-34.909.463.480.255;-578.283.887.071.779;ARBA - Gerencia de Servicios Catastrales;6098;Berisso;Partido de Berisso;6;0.0004620215269004;Buenos Aires
Partido;-363.908.002.975.414;-572.746.828.657.242;ARBA - Gerencia de Servicios Catastrales;6812;Tordillo;Partido de Tordillo;6;0.00433989791614039;Buenos Aires
Partido;-335.872.972.390.017;-600.574.845.905.723;ARBA - Gerencia de Servicios Catastrales;6665;Ramallo;Partido de Ramallo;6;0.00329661727121159;Buenos Aires
Partido;-334.825.541.340.452;-60.292.953.731.623;ARBA - Gerencia de Servicios Catastrales;6763;San Nicol·s;Partido de San Nicol√°s;6;0.00214225132474427;Buenos Aires
Partido;-366.659.831.488.299;-579.957.841.120.045;ARBA - Gerencia de Servicios Catastrales;6308;General Guido;Partido de General Guido;6;0.00760031468357251;Buenos Aires
Partido;-375.325.532.169.014;-618.893.137.767.698;ARBA - Gerencia de Servicios Catastrales;6203;Coronel Su·rez;Partido de Coronel Su√°rez;6;0.0197309926967139;Buenos Aires
Partido;-386.704.811.465.081;-610.956.539.726.773;ARBA - Gerencia de Servicios Catastrales;6189;Coronel Dorrego;Partido de Coronel Dorrego;6;0.0195949277744654;Buenos Aires
Partido;-382.555.189.703.716;-591.673.660.597.249;ARBA - Gerencia de Servicios Catastrales;6581;Necochea;Partido de Necochea;6;0.0152189599449576;Buenos Aires
Partido;-385.808.546.732.895;-621.656.895.327.094;ARBA - Gerencia de Servicios Catastrales;6056;BahÌa Blanca;Partido de Bah√≠a Blanca;6;0.00754121273617587;Buenos Aires
Partido;-382.027.130.466.251;-580.722.485.722.113;ARBA - Gerencia de Servicios Catastrales;6280;General Alvarado;Partido de General Alvarado;6;0.00543276666507412;Buenos Aires
Partido;-379.656.760.017.008;-57.743.144.039.076;ARBA - Gerencia de Servicios Catastrales;6357;General PueyrredÛn;Partido de General Pueyrred√≥n;6;0.00486483975046309;Buenos Aires
Partido;-374.984.341.235.843;-576.436.183.302.355;ARBA - Gerencia de Servicios Catastrales;6518;Mar Chiquita;Partido de Mar Chiquita;6;0.0102133022859258;Buenos Aires
Partido;-373.705.193.886.837;-570.658.445.979.783;ARBA - Gerencia de Servicios Catastrales;6868;Villa Gesell;Partido de Villa Gesell;6;0.000542519679028944;Buenos Aires
Partido;-371.099.458.706.882;-568.696.753.966.329;ARBA - Gerencia de Servicios Catastrales;6644;Pinamar;Partido de Pinamar;6;0.000218910080019246;Buenos Aires
Partido;-366.518.890.129.521;-569.422.695.810.513;ARBA - Gerencia de Servicios Catastrales;6336;General Lavalle;Partido de General Lavalle;6;0.00879432909516801;Buenos Aires
Partido;-366.782.018.297.724;-567.189.105.094.625;ARBA - Gerencia de Servicios Catastrales;6420;La Costa;Partido de La Costa;6;0.00081360388014985;Buenos Aires
Partido;-351.849.498.629.024;-576.863.916.156.026;ARBA - Gerencia de Servicios Catastrales;6505;Magdalena;Partido de Magdalena;6;0.00593322480930307;Buenos Aires
Partido;-345.265.131.808.416;-585.044.695.897.767;ARBA - Gerencia de Servicios Catastrales;6861;Vicente LÛpez;Partido de Vicente L√≥pez;6;0.000109738393731595;Buenos Aires
Partido;-356.765.966.680.226;-597.037.033.020.054;ARBA - Gerencia de Servicios Catastrales;6707;Saladillo;Partido de Saladillo;6;0.00874459635950249;Buenos Aires
Partido;-360.157.017.377.305;-591.769.657.671.576;ARBA - Gerencia de Servicios Catastrales;6455;Las Flores;Partido de Las Flores;6;0.0108268174478274;Buenos Aires
Partido;-341.926.035.952.586;-607.879.706.568.364;ARBA - Gerencia de Servicios Catastrales;6686;Rojas;Partido de Rojas;6;0.00653582722801871;Buenos Aires
Partido;-343.287.181.500.871;-587.711.281.467.385;ARBA - Gerencia de Servicios Catastrales;6252;Escobar;Partido de Escobar;6;0.000957795592933906;Buenos Aires
Partido;-33.835.815.535.365;-605.450.748.689.588;ARBA - Gerencia de Servicios Catastrales;6623;Pergamino;Partido de Pergamino;6;0.00948447519484366;Buenos Aires
Partido;-365.722.509.524.193;-589.444.061.302.172;ARBA - Gerencia de Servicios Catastrales;6672;Rauch;Partido de Rauch;6;0.0140623511119434;Buenos Aires
Partido;-366.710.137.553.167;-630.491.259.803.334;ARBA - Gerencia de Servicios Catastrales;6721;SalliquelÛ;Partido de Salliquel√≥;6;0.00259086870837977;Buenos Aires
Partido;-348.179.736.855.733;-581.552.626.920.478;ARBA - Gerencia de Servicios Catastrales;6091;Berazategui;Partido de Berazategui;6;0.000703029473342138;Buenos Aires
Partido;-349.298.313.021.932;-58.398.091.246.683;ARBA - Gerencia de Servicios Catastrales;6648;Presidente PerÛn;Partido de Presidente Per√≥n;6;0.000385704870895687;Buenos Aires
Partido;-388.488.346.485.235;-618.360.446.581.448;ARBA - Gerencia de Servicios Catastrales;6182;Coronel de Marina Leonardo Rosales;Partido de Coronel de Marina Leonardo Rosales;6;0.00434664188119309;Buenos Aires
Partido;-344.979.563.497.613;-6.161.293.092.454;ARBA - Gerencia de Servicios Catastrales;6462;Leandro N. Alem;Partido de Leandro N. Alem;6;0.0051035772439568;Buenos Aires
Partido;-34.237.459.671.314;-612.838.006.242.346;ARBA - Gerencia de Servicios Catastrales;6294;General Arenales;Partido de General Arenales;6;0.00470990844536564;Buenos Aires
Partido;-355.809.627.302.368;-630.945.777.162.156;ARBA - Gerencia de Servicios Catastrales;6679;Rivadavia;Partido de Rivadavia;6;0.0127515572401367;Buenos Aires
Partido;-354.662.020.729.313;-583.900.057.061.752;ARBA - Gerencia de Servicios Catastrales;6343;General Paz;Partido de General Paz;6;0.00385444771253346;Buenos Aires
Partido;-342.206.591.685.119;-595.193.792.218.302;ARBA - Gerencia de Servicios Catastrales;6735;San Antonio de Areco;Partido de San Antonio de Areco;6;0.00274311551860388;Buenos Aires
Partido;-34.610.617.117.824;-588.109.232.680.035;ARBA - Gerencia de Servicios Catastrales;6560;Moreno;Partido de Moreno;6;0.000592772199710743;Buenos Aires
Partido;-347.701.647.288.569;-586.254.486.939.189;ARBA - Gerencia de Servicios Catastrales;6427;La Matanza;Partido de La Matanza;6;0.00104371026667595;Buenos Aires
Partido;-358.494.190.496.267;-5.789.575.256.553;ARBA - Gerencia de Servicios Catastrales;6466;Lezama;Partido de Lezama;6;0.00337013908108334;Buenos Aires
Partido;-354.261.581.087.913;-573.996.034.519.105;ARBA - Gerencia de Servicios Catastrales;6655;Punta Indio;Partido de Punta Indio;6;0.00517615652698695;Buenos Aires
Partido;-362.709.141.317.271;-632.257.388.675.861;ARBA - Gerencia de Servicios Catastrales;6616;Pellegrini;Partido de Pellegrini;6;0.00592089560122651;Buenos Aires
Partido;-35.379.488.920.773;-624.295.611.893.429;ARBA - Gerencia de Servicios Catastrales;6154;Carlos Tejedor;Partido de Carlos Tejedor;6;0.0125715156926696;Buenos Aires
Partido;-340.113.151.746.224;-600.627.625.274.553;ARBA - Gerencia de Servicios Catastrales;6077;Arrecifes;Partido de Arrecifes;6;0.00392478785130677;Buenos Aires
Partido;-341.497.065.018.665;-598.548.037.960.898;ARBA - Gerencia de Servicios Catastrales;6140;Capit·n Sarmiento;Partido de Capit√°n Sarmiento;6;0.00173911361479129;Buenos Aires
Partido;-342.708.350.525.697;-60.305.182.566.345;ARBA - Gerencia de Servicios Catastrales;6714;Salto;Partido de Salto;6;0.00511980862982856;Buenos Aires
Partido;-35.481.190.578.256;-609.751.157.295.027;ARBA - Gerencia de Servicios Catastrales;6588;9 de Julio;Partido de 9 de Julio;6;0.0138036600026452;Buenos Aires
Partido;-360.564.352.739.976;-626.346.332.497.416;ARBA - Gerencia de Servicios Catastrales;6826;Trenque Lauquen;Partido de Trenque Lauquen;6;0.0178396515491316;Buenos Aires
Partido;-357.496.551.260.772;-613.737.522.686.863;ARBA - Gerencia de Servicios Catastrales;6147;Carlos Casares;Partido de Carlos Casares;6;0.00814632674988018;Buenos Aires
Partido;-368.567.012.129.546;-606.707.349.373.354;ARBA - Gerencia de Servicios Catastrales;6595;OlavarrÌa;Partido de Olavarr√≠a;6;0.025084268069142;Buenos Aires
Partido;-348.312.099.703.342;-58.476.969.025.414;ARBA - Gerencia de Servicios Catastrales;6260;Esteban EcheverrÌa;Partido de Esteban Echeverr√≠a;6;0.00038752026449711;Buenos Aires
Partido;-34.997.569.924.782;-610.501.968.347.291;ARBA - Gerencia de Servicios Catastrales;6385;General Viamonte;Partido de General Viamonte;6;0.00686176882880671;Buenos Aires
Partido;-344.873.038.284.663;-587.121.329.971.982;ARBA - Gerencia de Servicios Catastrales;6515;Malvinas Argentinas;Partido de Malvinas Argentinas;6;0.000200585089933422;Buenos Aires
Partido;-35.070.384.883.326;-616.827.618.200.122;ARBA - Gerencia de Servicios Catastrales;6469;Lincoln;Partido de Lincoln;6;0.0185288348931592;Buenos Aires
Partido;-363.471.383.108.251;-601.308.804.386.321;ARBA - Gerencia de Servicios Catastrales;6798;TapalquÈ;Partido de Tapalqu√©;6;0.0135671117900601;Buenos Aires
Partido;-350.610.928.531.071;-606.042.295.511.118;ARBA - Gerencia de Servicios Catastrales;6112;Bragado;Partido de Bragado;6;0.00705525012515142;Buenos Aires
Partido;-348.758.213.531.443;-585.648.395.364.287;ARBA - Gerencia de Servicios Catastrales;6270;Ezeiza;Partido de Jos√© M. Ezeiza;6;0.000759529300064369;Buenos Aires
Partido;-348.778.729.879.112;-582.586.377.649.204;ARBA - Gerencia de Servicios Catastrales;6274;Florencio Varela;Partido de Florencio Varela;6;0.000606849802284925;Buenos Aires
Partido;-350.704.596.398.936;-584.319.219.645.129;ARBA - Gerencia de Servicios Catastrales;6778;San Vicente;Partido de San Vicente;6;0.00210134329284806;Buenos Aires
Partido;-366.405.459.243.249;-61.891.417.127.905;ARBA - Gerencia de Servicios Catastrales;6231;Daireaux;Partido de Daireaux;6;0.0124805140276193;Buenos Aires
Partido;-348.422.541.242.657;-579.789.322.377.767;ARBA - Gerencia de Servicios Catastrales;6245;Ensenada;Partido de Ensenada;6;0.000362603245197774;Buenos Aires
Partido;-375.155.525.089.772;-607.680.626.719.213;ARBA - Gerencia de Servicios Catastrales;6448;Laprida;Partido de Laprida;6;0.0113987556417078;Buenos Aires
Partido;-344.869.499.670.191;-585.372.648.522.523;ARBA - Gerencia de Servicios Catastrales;6756;San Isidro;Partido de San Isidro;6;0.000166314330259371;Buenos Aires
Partido;-37.585.278.315.595;-598.883.008.698.795;ARBA - Gerencia de Servicios Catastrales;6084;Benito Ju·rez;Partido de Benito Ju√°rez;6;0.0176892879319193;Buenos Aires
Partido;-341.512.700.249.506;-585.459.540.333.809;ARBA - Gerencia de Servicios Catastrales;6749;San Fernando;Partido de San Fernando;6;0.00314168017316532;Buenos Aires
Partido;-339.971.401.820.257;-591.284.709.610.169;ARBA - Gerencia de Servicios Catastrales;6882;Z·rate;Partido de Z√°rate;6;0.00374224045401154;Buenos Aires
Partido;-401.973.260.070.881;-628.529.094.080.666;ARBA - Gerencia de Servicios Catastrales;6602;Patagones;Partido de Patagones;6;0.0465142865586462;Buenos Aires
Partido;-356.187.689.428.966;-579.043.202.817.554;ARBA - Gerencia de Servicios Catastrales;6217;Chascom˙s;Partido de Chascom√∫s;6;0.010206560081071;Buenos Aires
Partido;-339.321.914.567.436;-594.929.504.876.902;ARBA - Gerencia de Servicios Catastrales;6070;Baradero;Partido de Baradero;6;0.00483196203113034;Buenos Aires
Partido;-348.738.967.496.734;-624.013.534.701.346;ARBA - Gerencia de Servicios Catastrales;6277;Florentino Ameghino;Partido de Florentino Ameghino;6;0.00577850741071087;Buenos Aires
Departamento;-317.112.016.051.317;-643.070.593.086.884;Direc. Grl. de Catastro;14147;Santa MarÌa;Departamento Santa Mar√≠a;14;0.0195798910685345;CÛrdoba
Departamento;-31.707.791.961.138;-651.564.069.990.554;Direc. Grl. de Catastro;14126;San Alberto;Departamento San Alberto;14;0.0204941334065178;CÛrdoba
Departamento;-317.330.269.369.319;-634.769.207.987.931;Direc. Grl. de Catastro;14119;RÌo Segundo;Departamento R√≠o Segundo;14;0.0312622981453106;CÛrdoba
Departamento;-312.393.990.103.815;-625.260.292.405.918;Direc. Grl. de Catastro;14140;San Justo;Departamento San Justo;14;0.0939130502757357;CÛrdoba
Departamento;-328.784.545.187.661;-627.914.258.058.015;Direc. Grl. de Catastro;14182;UniÛn;Departamento Uni√≥n;14;0.0666910830698044;CÛrdoba
Departamento;-322.877.127.172.928;-637.792.479.671.775;Direc. Grl. de Catastro;14161;Tercero Arriba;Departamento Tercero Arriba;14;0.0312538113858359;CÛrdoba
Departamento;-333.308.032.176.015;-64.494.180.483.748;Direc. Grl. de Catastro;14098;RÌo Cuarto;Departamento R√≠o Cuarto;14;0.114337724965032;CÛrdoba
Departamento;-341.401.111.180.237;-634.187.744.697.841;Direc. Grl. de Catastro;14084;Presidente Roque S·enz PeÒa;Departamento Presidente Roque S√°enz Pe√±a;14;0.05112440068579;CÛrdoba
Departamento;-346.170.744.283.348;-643.787.603.319.835;Direc. Grl. de Catastro;14035;General Roca;Departamento General Roca;14;0.0789015037408561;CÛrdoba
Departamento;-30.032.189.401.961;-632.238.214.757.827;Direc. Grl. de Catastro;14112;RÌo Seco;Departamento R√≠o Seco;14;0.0396380369442401;CÛrdoba
Departamento;-297.654.579.620.613;-641.428.878.947.488;Direc. Grl. de Catastro;14154;Sobremonte;Departamento Sobremonte;14;0.0191030519350052;CÛrdoba
Departamento;-314.170.686.019.036;-641.832.168.468.628;Direc. Grl. de Catastro;14014;Capital;Departamento Capital;14;0.00345106448502012;CÛrdoba
Departamento;-33.329.445.846.674;-636.063.356.482.423;Direc. Grl. de Catastro;14056;Ju·rez Celman;Departamento Ju√°rez Celman;14;0.0487480781437347;CÛrdoba
Departamento;-303.997.182.320.053;-646.094.899.792.791;Direc. Grl. de Catastro;14049;IschilÌn;Departamento Ischil√≠n;14;0.0301571490017903;CÛrdoba
Departamento;-307.261.313.372.803;-639.842.524.222.316;Direc. Grl. de Catastro;14168;Totoral;Departamento Totoral;14;0.018230001241508;CÛrdoba
Departamento;-325.143.341.151.357;-632.562.237.062.848;Direc. Grl. de Catastro;14042;General San MartÌn;Departamento General San Mart√≠n;14;0.0304100989142548;CÛrdoba
Departamento;-320.753.882.467.214;-651.421.073.770.609;Direc. Grl. de Catastro;14133;San Javier;Departamento San Javier;14;0.00936192219059843;CÛrdoba
Departamento;-314.634.407.170.853;-654.384.772.539.188;Direc. Grl. de Catastro;14077;Pocho;Departamento Pocho;14;0.0183768545249898;CÛrdoba
Departamento;-302.222.689.247.998;-638.118.051.923.902;Direc. Grl. de Catastro;14175;Tulumba;Departamento Tulumba;14;0.058494390488329;CÛrdoba
Departamento;-306.580.631.596.452;-650.774.738.750.322;Direc. Grl. de Catastro;14028;Cruz del Eje;Departamento Cruz del Eje;14;0.0408242204152082;CÛrdoba
Departamento;-312.225.592.168.079;-645.861.516.801.457;Direc. Grl. de Catastro;14091;Punilla;Departamento Punilla;14;0.0148439854552405;CÛrdoba
Departamento;-310.355.515.814.319;-654.111.896.095.111;Direc. Grl. de Catastro;14070;Minas;Departamento Minas;14;0.0214539101076573;CÛrdoba
Departamento;-311.440.502.226.475;-641.528.709.889.175;Direc. Grl. de Catastro;14021;ColÛn;Departamento Col√≥n;14;0.014050333431972;CÛrdoba
Departamento;-310.327.992.067.991;-634.385.673.505.455;Direc. Grl. de Catastro;14105;RÌo Primero;Departamento R√≠o Primero;14;0.0405731882190903;CÛrdoba
Departamento;-33.030.846.572.143;-622.767.719.720.096;Direc. Grl. de Catastro;14063;Marcos Ju·rez;Departamento Marcos Ju√°rez;14;0.0563845640638525;CÛrdoba
Departamento;-322.027.119.466.219;-646.167.170.389.735;Direc. Grl. de Catastro;14007;Calamuchita;Departamento Calamuchita;14;0.0283412536709863;CÛrdoba
Departamento;-280.814.710.804.867;-653.349.462.642.257;Adm. Grl. de Catastro;10098;Santa Rosa;Departamento Santa Rosa;10;0.0158018542250059;Catamarca
Departamento;-293.952.000.610.314;-651.919.504.325.436;Adm. Grl. de Catastro;10070;La Paz;Departamento La Paz;10;0.0831718906158632;Catamarca
Departamento;-271.000.545.044.873;-669.223.774.125.099;Adm. Grl. de Catastro;10035;BelÈn;Departamento Bel√©n;10;0.124345104989166;Catamarca
Departamento;-284.104.559.393.629;-658.362.002.957.174;Adm. Grl. de Catastro;10049;Capital;Departamento Capital;10;0.00396530611544525;Catamarca
Departamento;-289.266.675.681.635;-655.038.083.174.841;Adm. Grl. de Catastro;10014;Ancasti;Departamento Ancasti;10;0.0196432758946592;Catamarca
Departamento;-259.455.797.002.151;-676.777.645.009.401;Adm. Grl. de Catastro;10028;Antofagasta de la Sierra;Departamento Antofagasta de la Sierra;10;0.273654740366082;Catamarca
Departamento;-289.092.326.420.174;-659.015.706.538.014;Adm. Grl. de Catastro;10042;Capay·n;Departamento Capay√°n;10;0.0434076149962871;Catamarca
Departamento;-275.445.087.646.164;-663.560.062.057.426;Adm. Grl. de Catastro;10021;Andalgal·;Departamento Andalgal√°;10;0.0470622977683362;Catamarca
Departamento;-280.189.344.685.483;-659.222.983.796.596;Adm. Grl. de Catastro;10007;Ambato;Departamento Ambato;10;0.0180369223494799;Catamarca
Departamento;-283.329.401.551.221;-657.309.008.581.155;Adm. Grl. de Catastro;10063;Fray Mamerto Esqui˙;Departamento Fray Mamerto Esqui√∫;10;0.00184741644614279;Catamarca
Departamento;-281.100.496.216.627;-656.738.760.483.046;Adm. Grl. de Catastro;10077;PaclÌn;Departamento Pacl√≠n;10;0.00977196850749007;Catamarca
Departamento;-28.430.382.930.044;-653.599.245.662.077;Adm. Grl. de Catastro;10056;El Alto;Departamento El Alto;10;0.0190546482693044;Catamarca
Departamento;-267.859.032.829.476;-662.618.848.691.237;Adm. Grl. de Catastro;10091;Santa MarÌa;Departamento Santa Mar√≠a;10;0.0556523303648323;Catamarca
Departamento;-282.055.993.966.253;-664.072.986.488.285;Adm. Grl. de Catastro;10084;Pom·n;Departamento Pom√°n;10;0.0547446155013497;Catamarca
Departamento;-285.987.132.205.968;-657.071.834.454.567;Adm. Grl. de Catastro;10112;Valle Viejo;Departamento Valle Viejo;10;0.0060822319119285;Catamarca
Departamento;-275.405.127.310.562;-679.292.408.147.481;Adm. Grl. de Catastro;10105;Tinogasta;Departamento Tinogasta;10;0.223757781678618;Catamarca
Departamento;-272.575.511.794.731;-606.806.781.684.245;Direc. Pcial. de Catastro y Cartograf√≠a;22112;O'Higgins;Departamento O'Higgins;22;0.0158380542527147;Chaco
Departamento;-268.016.874.124.461;-595.196.519.224.863;Direc. Pcial. de Catastro y Cartograf√≠a;22154;Sargento Cabral;Departamento Sargento Cabral;22;0.0166226546926296;Chaco
Departamento;-26.736.996.206.931;-607.570.241.668.236;Direc. Pcial. de Catastro y Cartograf√≠a;22070;Independencia;Departamento Independencia;22;0.0193492064219968;Chaco
Departamento;-277.436.812.830.101;-606.581.451.476.891;Direc. Pcial. de Catastro y Cartograf√≠a;22098;Mayor Luis J. Fontana;Departamento Mayor Luis J. Fontana;22;0.0373800855550108;Chaco
Departamento;-278.662.498.172.761;-61.300.959.824.592;Direc. Pcial. de Catastro y Cartograf√≠a;22043;Fray Justo Santa MarÌa de Oro;Departamento Fray Justo Santa Mar√≠a de Oro;22;0.0224333885231889;Chaco
Departamento;-271.691.720.457.957;-589.595.089.153.944;Direc. Pcial. de Catastro y Cartograf√≠a;22126;1∫ de Mayo;Departamento 1¬∞ de Mayo;22;0.0129402921844247;Chaco
Departamento;-273.362.384.898.477;-614.747.691.940.114;Direc. Pcial. de Catastro y Cartograf√≠a;22036;12 de Octubre;Departamento 12 de Octubre;22;0.0277943707509859;Chaco
Departamento;-252.137.925.689.732;-61.337.579.887.251;Direc. Pcial. de Catastro y Cartograf√≠a;22063;General G¸emes;Departamento General G√ºemes;22;0.25720870635467;Chaco
Departamento;-277.160.106.963.678;-591.157.493.078.992;Direc. Pcial. de Catastro y Cartograf√≠a;22140;San Fernando;Departamento San Fernando;22;0.0359940789236026;Chaco
Departamento;-273.950.475.960.133;-603.646.185.068.028;Direc. Pcial. de Catastro y Cartograf√≠a;22147;San Lorenzo;Departamento San Lorenzo;22;0.0216726608300543;Chaco
Departamento;-276.219.112.869.485;-613.295.201.872.432;Direc. Pcial. de Catastro y Cartograf√≠a;22039;2 de Abril;Departamento 2 de Abril;22;0.0161403354118476;Chaco
Departamento;-276.598.759.889.301;-598.288.687.407.326;Direc. Pcial. de Catastro y Cartograf√≠a;22161;Tapenag·;Departamento Tapenag√°;22;0.0603880925150689;Chaco
Departamento;-271.179.308.909.271;-613.088.910.569.936;Direc. Pcial. de Catastro y Cartograf√≠a;22028;Chacabuco;Departamento Chacabuco;22;0.015260278412021;Chaco
Departamento;-268.190.298.006.571;-600.187.693.847.422;Direc. Pcial. de Catastro y Cartograf√≠a;22168;25 de Mayo;Departamento 25 de Mayo;22;0.0239088395556109;Chaco
Departamento;-266.685.132.272.644;-601.735.021.538.447;Direc. Pcial. de Catastro y Cartograf√≠a;22133;Quitilipi;Departamento Quitilipi;22;0.0156792855199628;Chaco
Departamento;-270.468.199.682.862;-597.751.691.822.068;Direc. Pcial. de Catastro y Cartograf√≠a;22119;Presidencia de la Plaza;Departamento Presidencia de la Plaza;22;0.0226149245838213;Chaco
Departamento;-273.511.465.491.091;-592.606.339.567.401;Direc. Pcial. de Catastro y Cartograf√≠a;22077;Libertad;Departamento Libertad;22;0.0104790692186338;Chaco
Departamento;-267.871.365.610.548;-604.618.654.287.039;Direc. Pcial. de Catastro y Cartograf√≠a;22021;Comandante Fern·ndez;Departamento Comandante Fern√°ndez;22;0.0151199613186512;Chaco
Departamento;-26.849.534.277.685;-61.071.967.717.894;Direc. Pcial. de Catastro y Cartograf√≠a;22049;General Belgrano;Departamento General Belgrano;22;0.013103623102836;Chaco
Departamento;-271.409.287.639.679;-593.474.877.785.089;Direc. Pcial. de Catastro y Cartograf√≠a;22056;General Donovan;Departamento General Donovan;22;0.0153406842710889;Chaco
Departamento;-269.455.386.975.653;-612.652.576.678.175;Direc. Pcial. de Catastro y Cartograf√≠a;22105;9 de Julio;Departamento 9 de Julio;22;0.0218265141331953;Chaco
Departamento;-25.747.858.341.484;-619.605.236.304.385;Direc. Pcial. de Catastro y Cartograf√≠a;22007;Almirante Brown;Departamento Almirante Brown;22;0.175452655094443;Chaco
Departamento;-263.210.291.409.673;-604.553.482.590.556;Direc. Pcial. de Catastro y Cartograf√≠a;22091;Maip˙;Departamento Maip√∫;22;0.02921196593469;Chaco
Departamento;-263.785.169.756.021;-594.878.778.128.786;Direc. Pcial. de Catastro y Cartograf√≠a;22084;Libertador General San MartÌn;Departamento Libertador General San Mart√≠n;22;0.0724494780049469;Chaco
Departamento;-26.958.636.224.259;-587.093.649.014.335;Direc. Pcial. de Catastro y Cartograf√≠a;22014;Bermejo;Departamento Bermejo;22;0.0257907944335322;Chaco
Departamento;-431.372.229.709.113;-650.757.246.833.498;IGN;26077;Rawson;Departamento Rawson;26;0.018242774931579;Chubut
Departamento;-4.236.635.302.228;-707.120.117.319.755;IGN;26014;Cushamen;Departamento Cushamen;26;0.0709874159379581;Chubut
Departamento;-438.138.432.526.407;-672.400.230.074.032;IGN;26063;M·rtires;Departamento M√°rtires;26;0.0697298808457359;Chubut
Departamento;-433.234.947.781.653;-703.484.257.364.086;IGN;26056;LanguiÒeo;Departamento Langui√±eo;26;0.0654201199708939;Chubut
Departamento;-43.070.540.741.803;-714.553.756.889.394;IGN;26035;Futaleuf˙;Departamento Futaleuf√∫;26;0.0403321962820172;Chubut
Departamento;-442.000.353.406.651;-705.768.950.488.331;IGN;26098;Tehuelches;Departamento Tehuelches;26;0.0654924407167284;Chubut
Departamento;-45.282.788.434.735;-677.087.570.024.311;IGN;26021;Escalante;Departamento Escalante;26;0.0652615059193144;Chubut
Departamento;-453.450.235.273.933;-690.028.353.555.711;IGN;26091;Sarmiento;Departamento Sarmiento;26;0.0665670325024526;Chubut
Departamento;-424.389.445.468.027;-671.769.071.477.022;IGN;26105;Telsen;Departamento Telsen;26;0.0847706297766396;Chubut
Departamento;-432.727.624.456.965;-66.172.162.203.297;IGN;26042;Gaiman;Departamento Gaiman;26;0.0513790345718745;Chubut
Departamento;-440.301.843.800.804;-686.858.628.378.391;IGN;26070;Paso de Indios;Departamento Paso de Indios;26;0.0994539720516923;Chubut
Departamento;-453.403.562.037.762;-706.400.981.523.958;IGN;26084;RÌo Senguer;Departamento R√≠o Senguer;26;0.104674022795681;Chubut
Departamento;-427.490.685.142.491;-68.802.322.331.286;IGN;26049;Gastre;Departamento Gastre;26;0.0700379266336155;Chubut
Departamento;-424.436.350.204.267;-649.332.260.287.713;IGN;26007;Biedma;Departamento Biedma;26;0.0562324898080846;Chubut
Departamento;-444.232.685.527.937;-661.300.665.443.193;IGN;26028;Florentino Ameghino;Departamento Florentino Ameghino;26;0.0714185572556473;Chubut
Comuna;-345.857.649.937.965;-583.948.918.118.195;Direc. de Catastro;2014;Comuna 2;Comuna 2;2;0.0307559943965981;Ciudad AutÛnoma de Buenos Aires
Comuna;-346.745.676.187.442;-58.461.944.281.059;Direc. de Catastro;2056;Comuna 8;Comuna 8;2;0.109258099192413;Ciudad AutÛnoma de Buenos Aires
Comuna;-345.738.372.943.158;-584.222.211.632.133;Direc. de Catastro;2098;Comuna 14;Comuna 14;2;0.0772248739608658;Ciudad AutÛnoma de Buenos Aires
Comuna;-346.138.430.816.863;-584.026.514.512.217;Direc. de Catastro;2021;Comuna 3;Comuna 3;2;0.0310094008250203;Ciudad AutÛnoma de Buenos Aires
Comuna;-346.517.602.348.111;-584.991.151.516.538;Direc. de Catastro;2063;Comuna 9;Comuna 9;2;0.0804060446068976;Ciudad AutÛnoma de Buenos Aires
Comuna;-346.365.544.143.719;-584.518.868.569.844;Direc. de Catastro;2049;Comuna 7;Comuna 7;2;0.0603399681565348;Ciudad AutÛnoma de Buenos Aires
Comuna;-346.278.516.942.726;-585.028.179.980.211;Direc. de Catastro;2070;Comuna 10;Comuna 10;2;0.0614316758371424;Ciudad AutÛnoma de Buenos Aires
Comuna;-346.061.369.839.531;-584.967.418.386.195;Direc. de Catastro;2077;Comuna 11;Comuna 11;2;0.0683121218307569;Ciudad AutÛnoma de Buenos Aires
Comuna;-346.168.433.901.108;-584.435.682.280.605;Direc. de Catastro;2042;Comuna 6;Comuna 6;2;0.0332687543965735;Ciudad AutÛnoma de Buenos Aires
Comuna;-345.542.357.921.934;-584.540.058.768.299;Direc. de Catastro;2091;Comuna 13;Comuna 13;2;0.0725620589607013;Ciudad AutÛnoma de Buenos Aires
Comuna;-346.064.218.855.511;-583.715.396.530.269;Direc. de Catastro;2007;Comuna 1;Comuna 1;2;0.0868584651239787;Ciudad AutÛnoma de Buenos Aires
Comuna;-346.420.794.257.822;-583.874.550.689.885;Direc. de Catastro;2028;Comuna 4;Comuna 4;2;0.110581967663086;Ciudad AutÛnoma de Buenos Aires
Comuna;-34.617.369.923.785;-584.205.721.902.857;Direc. de Catastro;2035;Comuna 5;Comuna 5;2;0.0323438620273213;Ciudad AutÛnoma de Buenos Aires
Comuna;-345.662.276.065.396;-58.490.428.041.078;Direc. de Catastro;2084;Comuna 12;Comuna 12;2;0.0761149101282747;Ciudad AutÛnoma de Buenos Aires
Comuna;-345.918.836.701.565;-584.627.740.218.828;Direc. de Catastro;2105;Comuna 15;Comuna 15;2;0.0695318005000028;Ciudad AutÛnoma de Buenos Aires
Departamento;-299.854.770.547.953;-592.414.216.570.581;IGN;18049;Esquina;Departamento Esquina;18;0.0445914814617993;Corrientes
Departamento;-299.995.445.616.697;-587.950.373.826.119;IGN;18175;Sauce;Departamento Sauce;18;0.0283044719296183;Corrientes
Departamento;-296.955.178.131.115;-583.248.439.252.656;IGN;18035;Curuzu Cuatia;Departamento Curuzu Cuatia;18;0.0941223383202269;Corrientes
Departamento;-288.289.705.275.493;-569.315.923.506.787;IGN;18147;San MartÌn;Departamento San Mart√≠n;18;0.074680957278876;Corrientes
Departamento;-290.645.100.901.984;-57.818.389.954.722;IGN;18105;Mercedes;Departamento Mercedes;18;0.109627657770833;Corrientes
Departamento;-295.936.355.856.024;-572.996.337.303.242;IGN;18119;Paso de los Libres;Departamento Paso de los Libres;18;0.0553306025894556;Corrientes
Departamento;-287.751.848.033.313;-565.115.297.991.712;IGN;18056;General Alvear;Departamento General Alvear;18;0.0218630423678802;Corrientes
Departamento;-27.522.187.514.513;-587.627.061.875.969;IGN;18021;Capital;Departamento Capital;18;0.0061480599163012;Corrientes
Departamento;-282.311.093.523.606;-56.222.206.072.693;IGN;18168;Santo TomÈ;Departamento Santo Tom√©;18;0.0782049963317694;Corrientes
Departamento;-282.124.729.464.641;-586.199.065.693.295;IGN;18126;Saladas;Departamento Saladas;18;0.0214233896963802;Corrientes
Departamento;-277.199.243.812.297;-577.876.196.199.145;IGN;18063;General Paz;Departamento General Paz;18;0.0289950695965752;Corrientes
Departamento;-284.973.936.042.369;-58.930.436.271.179;IGN;18007;Bella Vista;Departamento Bella Vista;18;0.0198932759547233;Corrientes
Departamento;-278.758.228.176.186;-57.409.985.810.344;IGN;18154;San Miguel;Departamento San Miguel;18;0.0340689879305655;Corrientes
Departamento;-294.514.531.616.824;-59.255.912.536.825;IGN;18070;Goya;Departamento Goya;18;0.0540254144445123;Corrientes
Departamento;-289.879.963.080.686;-589.337.155.943.843;IGN;18091;Lavalle;Departamento Lavalle;18;0.0167864401279117;Corrientes
Departamento;-287.057.979.959.044;-586.130.197.699.847;IGN;18161;San Roque;Departamento San Roque;18;0.0272237150817316;Corrientes
Departamento;-302.289.552.221.138;-578.702.855.877.153;IGN;18112;Monte Caseros;Departamento Monte Caseros;18;0.0307749171184739;Corrientes
Departamento;-280.163.816.801.467;-581.855.624.499.057;IGN;18098;Mburucuy·;Departamento Mburucuy√°;18;0.0111250006419653;Corrientes
Departamento;-278.961.218.833.917;-586.658.439.667.722;IGN;18042;Empedrado;Departamento Empedrado;18;0.0218409122812441;Corrientes
Departamento;-279.114.257.175.706;-567.904.763.823.004;IGN;18084;ItuzaingÛ;Departamento Ituzaing√≥;18;0.107639981101467;Corrientes
Departamento;-273.823.055.047.941;-585.174.860.021.794;IGN;18133;San Cosme;Departamento San Cosme;18;0.00656329260128528;Corrientes
Departamento;-273.460.562.357.383;-580.713.754.415.461;IGN;18077;ItatÌ;Departamento Itat√≠;18;0.00964961895207782;Corrientes
Departamento;-276.020.473.964.888;-582.685.422.687.085;IGN;18140;San Luis del Palmar;Departamento San Luis del Palmar;18;0.0286201505285344;Corrientes
Departamento;-274.779.720.010.057;-576.113.792.118.725;IGN;18014;BerÛn de Astrada;Departamento Ber√≥n de Astrada;18;0.00944392990825753;Corrientes
Departamento;-284.083.953.496.766;-58.031.384.641.798;IGN;18028;ConcepciÛn;Departamento Concepci√≥n;18;0.0590522915494179;Corrientes
Departamento;-316.477.388.963.494;-590.594.708.104.081;ATER - Direc. de Catastro;30113;Villaguay;Departamento Villaguay;30;0.083547074250022;Entre RÌos
Departamento;-315.768.835.387.468;-584.863.728.567.996;ATER - Direc. de Catastro;30088;San Salvador;Departamento San Salvador;30;0.0168894737699881;Entre RÌos
Departamento;-322.187.123.475.252;-597.697.019.155.424;ATER - Direc. de Catastro;30077;Nogoy·;Departamento Nogoy√°;30;0.0559498475303484;Entre RÌos
Departamento;-323.174.117.217.417;-592.672.864.855.269;ATER - Direc. de Catastro;30091;Tala;Departamento Tala;30;0.0338110157656643;Entre RÌos
Departamento;-308.974.563.498.339;-595.004.488.104.579;ATER - Direc. de Catastro;30070;La Paz;Departamento La Paz;30;0.083630578277297;Entre RÌos
Departamento;-312.902.983.723.403;-58.237.869.689.912;ATER - Direc. de Catastro;30015;Concordia;Departamento Concordia;30;0.0414709107026056;Entre RÌos
Departamento;-309.924.267.797.136;-588.918.600.477.837;ATER - Direc. de Catastro;30035;Federal;Departamento Federal;30;0.0657469680182571;Entre RÌos
Departamento;-330.223.492.433.906;-587.857.904.865.089;ATER - Direc. de Catastro;30056;Gualeguaych˙;Departamento Gualeguaych√∫;30;0.0970821967786673;Entre RÌos
Departamento;-336.241.288.152.628;-589.351.580.556.436;ATER - Direc. de Catastro;30063;Islas del Ibicuy;Departamento Islas del Ibicuy;30;0.0639921224207814;Entre RÌos
Departamento;-327.839.424.597.327;-602.180.700.309.804;ATER - Direc. de Catastro;30105;Victoria;Departamento Victoria;30;0.0853566278503008;Entre RÌos
Departamento;-32.228.040.548.998;-605.239.335.894.137;ATER - Direc. de Catastro;30021;Diamante;Departamento Diamante;30;0.0342267295120938;Entre RÌos
Departamento;-324.499.666.887.673;-585.822.661.421.638;ATER - Direc. de Catastro;30098;Uruguay;Departamento Uruguay;30;0.0656737412682729;Entre RÌos
Departamento;-316.952.294.494.435;-60.041.174.481.445;ATER - Direc. de Catastro;30084;Paran·;Departamento Paran√°;30;0.0649019858620617;Entre RÌos
Departamento;-320.114.827.529.012;-583.699.129.592.754;ATER - Direc. de Catastro;30008;ColÛn;Departamento Col√≥n;30;0.0352000163682348;Entre RÌos
Departamento;-331.199.026.931.696;-596.016.234.890.441;ATER - Direc. de Catastro;30049;Gualeguay;Departamento Gualeguay;30;0.0853045235595408;Entre RÌos
Departamento;-307.348.931.499.453;-581.591.541.174.073;ATER - Direc. de Catastro;30028;FederaciÛn;Departamento Federaci√≥n;30;0.0474475301143475;Entre RÌos
Departamento;-304.139.444.642.315;-587.287.958.918.597;ATER - Direc. de Catastro;30042;Feliciano;Departamento Feliciano;30;0.0397686579449664;Entre RÌos
Departamento;-251.053.773.070.169;-586.616.277.482.245;IGN;34042;Pilag·s;Departamento Pilag√°s;34;0.0454663908323351;Formosa
Departamento;-26.467.587.999.102;-585.654.369.092.882;IGN;34021;LaishÌ;Departamento Laish√≠;34;0.0481199644404741;Formosa
Departamento;-257.672.893.097.833;-591.592.573.575.224;IGN;34056;PiranÈ;Departamento Piran√©;34;0.115114410859445;Formosa
Departamento;-231.201.560.396.969;-621.382.049.441.497;IGN;34063;RamÛn Lista;Departamento Ram√≥n Lista;34;0.050204890564213;Formosa
Departamento;-259.396.352.318.956;-583.773.174.492.554;IGN;34014;Formosa;Departamento Formosa;34;0.0868725940593066;Formosa
Departamento;-253.700.377.167.627;-58.062.606.265.553;IGN;34049;Pilcomayo;Departamento Pilcomayo;34;0.0711271015787066;Formosa
Departamento;-248.750.609.917.942;-599.585.024.741.836;IGN;34035;PatiÒo;Departamento Pati√±o;34;0.347213385939381;Formosa
Departamento;-240.255.563.345.755;-612.828.019.983.788;IGN;34007;Bermejo;Departamento Bermejo;34;0.18255816841976;Formosa
Departamento;-23.854.855.944.809;-62.076.891.256.733;IGN;34028;Matacos;Departamento Matacos;34;0.0533230933063162;Formosa
Departamento;-237.855.349.092.159;-648.287.565.421.131;Direc. Grl. de Inmuebles;38035;Ledesma;Departamento Ledesma;38;0.056145307208727;Jujuy
Departamento;-24.447.823.040.536;-651.011.266.142.907;Direc. Grl. de Inmuebles;38014;El Carmen;Departamento El Carmen;38;0.0172439313347985;Jujuy
Departamento;-243.467.258.804.414;-654.468.528.811.404;Direc. Grl. de Inmuebles;38056;San Antonio;Departamento San Antonio;38;0.0131304677463886;Jujuy
Departamento;-230.821.382.910.047;-654.089.124.214.828;Direc. Grl. de Inmuebles;38028;Humahuaca;Departamento Humahuaca;38;0.0662990687227531;Jujuy
Departamento;-222.906.705.371.725;-655.669.616.842.196;Direc. Grl. de Inmuebles;38112;YavÌ;Departamento Yav√≠;38;0.0560313628034127;Jujuy
Departamento;-22.137.931.595.162;-66.227.664.877.192;Direc. Grl. de Inmuebles;38077;Santa Catalina;Departamento Santa Catalina;38;0.0547145013841273;Jujuy
Departamento;-242.985.497.355.434;-648.110.140.944.895;Direc. Grl. de Inmuebles;38063;San Pedro;Departamento San Pedro;38;0.0387456868363758;Jujuy
Departamento;-234.670.612.447.247;-650.119.194.137.172;Direc. Grl. de Inmuebles;38105;Valle Grande;Departamento Valle Grande;38;0.0227590213764494;Jujuy
Departamento;-235.204.314.374.652;-666.617.993.267.455;Direc. Grl. de Inmuebles;38084;Susques;Departamento Susques;38;0.191769108128745;Jujuy
Departamento;-23.560.543.852.464;-653.197.513.527.091;Direc. Grl. de Inmuebles;38094;Tilcara;Departamento Tilcara;38;0.039910898892935;Jujuy
Departamento;-241.949.225.444.459;-651.264.498.289.923;Direc. Grl. de Inmuebles;38042;Palpal·;Departamento Palpal√°;38;0.00921981619168954;Jujuy
Departamento;-229.392.350.234.639;-659.346.878.202.021;Direc. Grl. de Inmuebles;38007;Cochinoca;Departamento Cochinoca;38;0.134607897149451;Jujuy
Departamento;-237.434.725.633.393;-65.696.096.204.681;Direc. Grl. de Inmuebles;38098;Tumbaya;Departamento Tumbaya;38;0.0620913713747561;Jujuy
Departamento;-240.893.413.107.767;-654.484.768.876.505;Direc. Grl. de Inmuebles;38021;Dr. Manuel Belgrano;Departamento Dr. Manuel Belgrano;38;0.0392226109433722;Jujuy
Departamento;-240.075.465.739.997;-644.023.110.880.998;Direc. Grl. de Inmuebles;38070;Santa B·rbara;Departamento Santa B√°rbara;38;0.082912857042704;Jujuy
Departamento;-226.216.157.957.901;-665.415.733.150.047;Direc. Grl. de Inmuebles;38049;Rinconada;Departamento Rinconada;38;0.115181969052712;Jujuy
Departamento;-356.318.750.123.361;-642.143.766.258.097;Direc. Grl. de Catastro;42147;Trenel;Departamento Trenel;42;0.0137010373997379;La Pampa
Departamento;-361.306.397.823.227;-63.663.736.169.201;Direc. Grl. de Catastro;42119;Quem˙ Quem˙;Departamento Quem√∫ Quem√∫;42;0.0172447508351264;La Pampa
Departamento;-364.980.625.981.793;-64.198.128.304.727;Direc. Grl. de Catastro;42021;Capital;Departamento Capital;42;0.0175430669478971;La Pampa
Departamento;-365.816.678.881.383;-636.648.708.546.651;Direc. Grl. de Catastro;42028;CatrilÛ;Departamento Catril√≥;42;0.0173373347818918;La Pampa
Departamento;-370.324.956.718.132;-637.788.855.690.903;Direc. Grl. de Catastro;42007;AtreucÛ;Departamento Atreuc√≥;42;0.0243973647514461;La Pampa
Departamento;-374.836.474.005.921;-637.813.086.707.571;Direc. Grl. de Catastro;42070;GuatrachÈ;Departamento Guatrach√©;42;0.0245354566430823;La Pampa
Departamento;-373.338.794.806.846;-650.828.316.677.234;Direc. Grl. de Catastro;42154;Utrac·n;Departamento Utrac√°n;42;0.0899936459025132;La Pampa
Departamento;-364.787.683.011.276;-655.329.694.083.622;Direc. Grl. de Catastro;42098;LoventuÈ;Departamento Loventu√©;42;0.0630715356153778;La Pampa
Departamento;-379.792.340.442.423;-639.544.827.643.711;Direc. Grl. de Catastro;42077;Hucal;Departamento Hucal;42;0.0423711674988522;La Pampa
Departamento;-363.954.095.124.282;-665.727.556.640.635;Direc. Grl. de Catastro;42049;Chalileo;Departamento Chalileo;42;0.0607702864045737;La Pampa
Departamento;-363.978.994.715.573;-676.953.932.639.542;Direc. Grl. de Catastro;42063;Chical Co;Departamento Chical Co;42;0.0622641753026327;La Pampa
Departamento;-382.616.553.827.262;-650.966.303.997.922;Direc. Grl. de Catastro;42084;Lihuel Calel;Departamento Lihuel Calel;42;0.0882617313241873;La Pampa
Departamento;-354.015.889.145.024;-648.014.904.385.407;Direc. Grl. de Catastro;42126;Rancul;Departamento Rancul;42;0.0349029883988957;La Pampa
Departamento;-360.315.435.775.022;-645.106.030.260.375;Direc. Grl. de Catastro;42035;Conhelo;Departamento Conhelo;42;0.0352320738161945;La Pampa
Departamento;-352.257.917.366.713;-642.102.269.263.624;Direc. Grl. de Catastro;42133;RealicÛ;Departamento Realic√≥;42;0.0169682224128626;La Pampa
Departamento;-366.621.621.527.055;-646.922.110.146.556;Direc. Grl. de Catastro;42140;Toay;Departamento Toay;42;0.0352511429414964;La Pampa
Departamento;-381.797.375.458.882;-663.301.334.719.636;Direc. Grl. de Catastro;42042;CuracÛ;Departamento Curac√≥;42;0.0954809084841661;La Pampa
Departamento;-372.419.021.199.786;-66.555.232.691.641;Direc. Grl. de Catastro;42091;Limay Mahuida;Departamento Limay Mahuida;42;0.0698678814535234;La Pampa
Departamento;-374.341.807.808.756;-676.049.641.366.153;Direc. Grl. de Catastro;42112;PuelÈn;Departamento Puel√©n;42;0.0916874750528093;La Pampa
Departamento;-386.755.832.575.061;-638.968.179.856.269;Direc. Grl. de Catastro;42014;Caleu Caleu;Departamento Caleu Caleu;42;0.0647923037391449;La Pampa
Departamento;-352.272.428.701.704;-636.609.121.074.931;Direc. Grl. de Catastro;42056;Chapaleuf˙;Departamento Chapaleuf√∫;42;0.0171757254344084;La Pampa
Departamento;-356.796.177.582.431;-636.624.891.520.267;Direc. Grl. de Catastro;42105;MaracÛ;Departamento Marac√≥;42;0.0171497247183339;La Pampa
Departamento;-301.677.065.304.375;-659.562.869.452.052;IGN;46035;Chamical;Departamento Chamical;46;0.0605219208134638;La Rioja
Departamento;-285.330.735.278.082;-667.191.515.033.817;IGN;46007;Arauco;Departamento Arauco;46;0.0272887213800459;La Rioja
Departamento;-294.604.898.579.358;-663.525.089.002.799;IGN;46014;Capital;Departamento Capital;46;0.146466106154406;La Rioja
Departamento;-29.449.795.605.204;-683.284.822.964.489;IGN;46028;Coronel Felipe Varela;Departamento Coronel Felipe Varela;46;0.0902197250288193;La Rioja
Departamento;-301.144.612.462.884;-673.355.202.231.145;IGN;46105;Independencia;Departamento Independencia;46;0.0770956746933794;La Rioja
Departamento;-288.599.829.479.001;-669.185.847.556.269;IGN;46021;Castro Barros;Departamento Castro Barros;46;0.016563824692652;La Rioja
Departamento;-291.585.269.700.688;-670.658.836.337.793;IGN;46126;Sanagasta;Departamento Sanagasta;46;0.014179949664446;La Rioja
Departamento;-293.959.374.753.391;-674.278.867.891.974;IGN;46042;Chilecito;Departamento Chilecito;46;0.0571329788533357;La Rioja
Departamento;-303.128.975.389.814;-666.630.521.188.972;IGN;46056;General Angel V. PeÒaloza;Departamento General √Ångel V. Pe√±aloza;46;0.0343820373839386;La Rioja
Departamento;-30.800.959.034.536;-66.868.104.514.456;IGN;46070;General Juan F. Quiroga;Departamento General Juan F. Quiroga;46;0.0476363138730246;La Rioja
Departamento;-314.205.977.732.086;-666.788.621.651.991;IGN;46112;Rosario Vera PeÒaloza;Departamento Rosario Vera Pe√±aloza;46;0.0559033421686679;La Rioja
Departamento;-310.066.417.359.043;-660.590.548.632.025;IGN;46084;General Ocampo;Departamento General Ocampo;46;0.0413913207632022;La Rioja
Departamento;-316.413.069.709.194;-661.459.756.728.153;IGN;46091;General San MartÌn;Departamento General San Mart√≠n;46;0.0498961638527694;La Rioja
Departamento;-286.973.037.998.771;-675.592.920.371.088;IGN;46049;Famatina;Departamento Famatina;46;0.0451429062348513;La Rioja
Departamento;-285.433.309.063.736;-671.581.530.651.936;IGN;46119;San Blas de Los Sauces;Departamento San Blas de Los Sauces;46;0.0155515550763975;La Rioja
Departamento;-287.904.353.562.793;-686.977.547.342.214;IGN;46077;General Lamadrid;Departamento General Lamadrid;46;0.0664503583055702;La Rioja
Departamento;-305.776.916.502.152;-659.316.310.510.947;IGN;46063;General Belgrano;Departamento General Belgrano;46;0.0311041676427682;La Rioja
Departamento;-283.164.203.776.524;-68.525.398.463.115;IGN;46098;Vinchina;Departamento Vinchina;46;0.123072933418265;La Rioja
Departamento;-337.114.684.971.791;-672.475.409.227.538;IGN;50042;La Paz;Departamento La Paz;50;0.0489049193945245;Mendoza
Departamento;-336.177.946.030.973;-679.636.620.466.005;IGN;50112;Santa Rosa;Departamento Santa Rosa;50;0.0584150858403919;Mendoza
Departamento;-33.419.707.109.754;-686.121.759.957.283;IGN;50084;Rivadavia;Departamento Rivadavia;50;0.014230301993113;Mendoza
Departamento;-332.915.070.191.465;-693.019.667.535.127;IGN;50126;Tupungato;Departamento Tupungato;50;0.0164167234859284;Mendoza
Departamento;-352.178.364.156.832;-670.804.473.289.428;IGN;50014;General Alvear;Departamento General Alvear;50;0.0993663751625444;Mendoza
Departamento;-340.753.663.960.754;-690.977.010.128.957;IGN;50091;San Carlos;Departamento San Carlos;50;0.0768118081338745;Mendoza
Departamento;-325.247.668.775.446;-6.926.717.572.394;IGN;50049;Las Heras;Departamento Las Heras;50;0.0581153241945307;Mendoza
Departamento;-32.582.585.367.751;-678.890.727.049.671;IGN;50056;Lavalle;Departamento Lavalle;50;0.0671471657023154;Mendoza
Departamento;-328.910.429.154.042;-687.323.728.513.948;IGN;50028;GuaymallÈn;Departamento Guaymall√©n;50;0.00106426939944268;Mendoza
Departamento;-329.775.099.458.466;-686.521.739.904.164;IGN;50070;Maip˙;Departamento Maip√∫;50;0.00402800699865528;Mendoza
Departamento;-328.806.541.047.985;-688.921.657.602.392;IGN;50007;Capital;Departamento Capital;50;0.000346397919648896;Mendoza
Departamento;-329.297.600.556.689;-688.890.844.545.155;IGN;50021;Godoy Cruz;Departamento Godoy Cruz;50;0.000522024234215165;Mendoza
Departamento;-331.462.075.241.433;-684.803.420.038.399;IGN;50035;JunÌn;Departamento Jun√≠n;50;0.00170774208163888;Mendoza
Departamento;-349.445.449.681.903;-683.826.783.125.854;IGN;50105;San Rafael;Departamento San Rafael;50;0.211310471561227;Mendoza
Departamento;-361.572.730.441.871;-693.135.099.463.311;IGN;50077;Malarg¸e;Departamento Malarg√ºe;50;0.277429787816722;Mendoza
Departamento;-336.223.342.938.194;-695.078.054.633.807;IGN;50119;Tunuy·n;Departamento Tunuy√°n;50;0.0221821485599101;Mendoza
Departamento;-330.382.520.812.765;-694.437.142.136.667;IGN;50063;Luj·n de Cuyo;Departamento Luj√°n de Cuyo;50;0.0320525017476044;Mendoza
Departamento;-329.088.785.853.185;-682.844.229.443.887;IGN;50098;San MartÌn;Departamento San Mart√≠n;50;0.00994894577370873;Mendoza
Departamento;-275.507.848.284.827;-55.856.845.031.149;Ministerio de Ecolog√≠a;54028;Capital;Departamento Capital;54;0.0327981312782057;Misiones
Departamento;-258.747.354.912.768;-544.004.185.891.377;Ministerio de Ecolog√≠a;54063;Iguaz˙;Departamento Iguaz√∫;54;0.0908558450964188;Misiones
Departamento;-274.763.636.003.081;-550.712.221.116.124;Ministerio de Ecolog√≠a;54091;Ober·;Departamento Ober√°;54;0.0528158117933746;Misiones
Departamento;-271.765.939.564.162;-553.392.901.890.006;Ministerio de Ecolog√≠a;54098;San Ignacio;Departamento San Ignacio;54;0.0559772245073237;Misiones
Departamento;-279.311.673.936.983;-554.670.364.911.295;Ministerio de Ecolog√≠a;54035;ConcepciÛn;Departamento Concepci√≥n;54;0.0262288462080146;Misiones
Departamento;-273.786.143.623.767;-54.634.090.486.794;Ministerio de Ecolog√≠a;54119;25 de Mayo;Departamento 25de Mayo;54;0.0555082546773824;Misiones
Departamento;-277.771.031.457.714;-551.674.595.934.642;Ministerio de Ecolog√≠a;54105;San Javier;Departamento San Javier;54;0.0218491624805709;Misiones
Departamento;-278.888.038.850.636;-556.782.740.306.512;Ministerio de Ecolog√≠a;54007;ApÛstoles;Departamento Ap√≥stoles;54;0.0350201854967336;Misiones
Departamento;-263.138.449.973.517;-544.407.363.386.818;Ministerio de Ecolog√≠a;54042;Eldorado;Departamento Eldorado;54;0.0573436410109664;Misiones
Departamento;-266.299.609.405.552;-539.629.779.665.021;Ministerio de Ecolog√≠a;54112;San Pedro;Departamento San Pedro;54;0.136117294277154;Misiones
Departamento;-266.579.081.276.292;-545.631.774.073.677;Ministerio de Ecolog√≠a;54084;Montecarlo;Departamento Montecarlo;54;0.0588471586486207;Misiones
Departamento;-274.608.502.028.348;-555.826.897.694.998;Ministerio de Ecolog√≠a;54021;Candelaria;Departamento Candelaria;54;0.0308937589618446;Misiones
Departamento;-271.478.299.707.848;-54.802.339.249.309;Ministerio de Ecolog√≠a;54014;Caingu·s;Departamento Caingu√°s;54;0.0518922305325225;Misiones
Departamento;-268.931.448.853.066;-549.233.629.496.583;Ministerio de Ecolog√≠a;54077;Libertador General San MartÌ≠n;Departamento Libertador General San Mart√≠n;54;0.0488911683582052;Misiones
Departamento;-259.786.262.379.125;-539.636.582.644.351;Ministerio de Ecolog√≠a;54049;General Manuel Belgrano;Departamento General Manuel Belgrano;54;0.0992954807846352;Misiones
Departamento;-270.262.341.090.705;-542.693.679.741.111;Ministerio de Ecolog√≠a;54056;GuaranÌ;Departamento Guaran√≠;54;0.109704962953141;Misiones
Departamento;-276.306.652.578.033;-553.880.677.535.388;Ministerio de Ecolog√≠a;54070;Leandro N. Alem;Departamento Leandro N. Alem;54;0.0359635112163637;Misiones
Departamento;-407.743.899.197.092;-714.866.965.761.944;Direc. Pcial. de Catastro e Inf. Territorial;58070;Los Lagos;Departamento Los Lagos;58;0.0459909042229338;NeuquÈn
Departamento;-388.325.294.845.843;-687.930.144.598.811;Direc. Pcial. de Catastro e Inf. Territorial;58035;Confluencia;Departamento Confluencia;58;0.0766044684486798;NeuquÈn
Departamento;-385.742.697.933.456;-703.729.347.665.806;Direc. Pcial. de Catastro e Inf. Territorial;58105;Picunches;Departamento Picunches;58;0.0639319261797913;NeuquÈn
Departamento;-380.986.455.753.996;-690.127.575.196.277;Direc. Pcial. de Catastro e Inf. Territorial;58014;AÒelo;Departamento A√±elo;58;0.127246526684915;NeuquÈn
Departamento;-380.659.054.264.443;-703.140.568.384.535;Direc. Pcial. de Catastro e Inf. Territorial;58063;LoncopuÈ;Departamento Loncopu√©;58;0.0578305565246805;NeuquÈn
Departamento;-376.378.798.941.082;-706.777.764.142.853;Direc. Pcial. de Catastro e Inf. Territorial;58084;—orquÌn;Departamento √ëorqu√≠n;58;0.0580205474391479;NeuquÈn
Departamento;-373.984.401.348.449;-694.019.520.980.894;Direc. Pcial. de Catastro e Inf. Territorial;58091;Pehuenches;Departamento Pehuenches;58;0.0868435154751623;NeuquÈn
Departamento;-368.583.892.643.308;-707.836.605.070.546;Direc. Pcial. de Catastro e Inf. Territorial;58077;Minas;Departamento Minas;58;0.0625816911130228;NeuquÈn
Departamento;-368.804.936.082.292;-702.862.810.211.876;Direc. Pcial. de Catastro e Inf. Territorial;58042;Chos Malal;Departamento Chos Malal;58;0.0473333119334717;NeuquÈn
Departamento;-394.039.894.660.668;-694.271.919.918.532;Direc. Pcial. de Catastro e Inf. Territorial;58098;Pic˙n Leuf˙;Departamento Pic√∫n Leuf√∫;58;0.0491712806922097;NeuquÈn
Departamento;-391.314.863.536.049;-710.463.179.632.497;Direc. Pcial. de Catastro e Inf. Territorial;58007;AluminÈ;Departamento Alumin√©;58;0.050518159412755;NeuquÈn
Departamento;-403.142.303.514.009;-711.842.517.277.166;Direc. Pcial. de Catastro e Inf. Territorial;58056;L·car;Departamento L√°car;58;0.0539014474054944;NeuquÈn
Departamento;-397.946.776.781.363;-712.590.025.540.125;Direc. Pcial. de Catastro e Inf. Territorial;58049;Huiliches;Departamento Huiliches;58;0.043328390088419;NeuquÈn
Departamento;-394.807.942.918.938;-704.335.593.332.799;Direc. Pcial. de Catastro e Inf. Territorial;58021;Cat·n Lil;Departamento Cat√°n Lil;58;0.0589415846721871;NeuquÈn
Departamento;-400.529.195.538.789;-702.813.499.391.274;Direc. Pcial. de Catastro e Inf. Territorial;58028;CollÛn Cur·;Departamento Coll√≥n Cur√°;58;0.0622877591825553;NeuquÈn
Departamento;-38.922.044.155.846;-698.222.074.301.959;Direc. Pcial. de Catastro e Inf. Territorial;58112;Zapala;Departamento Zapala;58;0.0554679305245708;NeuquÈn
Departamento;-401.487.161.833.477;-643.048.926.460.226;A.R.T - Gerencia de Catastro;62028;Conesa;Departamento Conesa;62;0.0482368092783802;RÌo Negro
Departamento;-417.398.257.356.123;-704.011.139.544.739;A.R.T - Gerencia de Catastro;62056;—orquincÛ;Departamento √ëorquinco;62;0.0415935198850545;RÌo Negro
Departamento;-394.101.860.186.287;-662.062.591.058.801;A.R.T - Gerencia de Catastro;62014;Avellaneda;Departamento Avellaneda;62;0.0967655021662825;RÌo Negro
Departamento;-385.324.900.624.312;-67.554.484.164.455;A.R.T - Gerencia de Catastro;62042;General Roca;Departamento General Roca;62;0.0703061139321081;RÌo Negro
Departamento;-397.016.431.663.172;-684.845.953.824.055;A.R.T - Gerencia de Catastro;62035;El Cuy;Departamento El Cuy;62;0.10515104838663;RÌo Negro
Departamento;-394.076.832.777.441;-644.005.868.582.138;A.R.T - Gerencia de Catastro;62063;Pichi Mahuida;Departamento Pichi Mahuida;62;0.0763935846297727;RÌo Negro
Departamento;-407.917.543.082.478;-63.765.086.491.035;A.R.T - Gerencia de Catastro;62007;Adolfo Alsina;Departamento Adolfo Alsina;62;0.0445254504471909;RÌo Negro
Departamento;-409.256.367.295.503;-674.574.905.887.938;A.R.T - Gerencia de Catastro;62049;9 de julio;Departamento 9 de julio;62;0.119950199992749;RÌo Negro
Departamento;-411.330.823.086.991;-689.063.154.547.507;A.R.T - Gerencia de Catastro;62091;25 de Mayo;Departamento 25 de Mayo;62;0.13820605141908;RÌo Negro
Departamento;-408.875.778.145.279;-704.626.919.728.142;A.R.T - Gerencia de Catastro;62070;Pilcaniyeu;Departamento Pilcaniyeu;62;0.0547075912759328;RÌo Negro
Departamento;-409.745.810.611.866;-663.108.866.018.754;A.R.T - Gerencia de Catastro;62084;Valcheta;Departamento Valcheta;62;0.105417002957889;RÌo Negro
Departamento;-409.527.925.288.953;-653.712.468.150.427;A.R.T - Gerencia de Catastro;62077;San Antonio;Departamento San Antonio;62;0.071489428825207;RÌo Negro
Departamento;-414.981.211.976.981;-71.531.077.517.069;A.R.T - Gerencia de Catastro;62021;Bariloche;Departamento Bariloche;62;0.0272576968030313;RÌo Negro
Departamento;-249.885.518.325.631;-654.038.423.380.142;Direc. Grl. de Inmuebles;66035;Cerrillos;Departamento Cerrillos;66;0.00349650389065936;Salta
Departamento;-235.128.446.678.353;-628.303.776.832.343;Direc. Grl. de Inmuebles;66133;Rivadavia;Departamento Rivadavia;66;0.168482934580535;Salta
Departamento;-245.462.867.797.822;-658.530.871.719.889;Direc. Grl. de Inmuebles;66147;Rosario de Lerma;Departamento Rosario de Lerma;66;0.0330962886982531;Salta
Departamento;-260.838.657.971.757;-651.765.900.958.914;Direc. Grl. de Inmuebles;66084;La Candelaria;Departamento La Candelaria;66;0.00874217020601844;Salta
Departamento;-257.029.508.773.623;-654.445.360.285.708;Direc. Grl. de Inmuebles;66063;Guachipas;Departamento Guachipas;66;0.0181585040175941;Salta
Departamento;-261.255.099.823.638;-658.800.888.963.475;Direc. Grl. de Inmuebles;66021;Cafayate;Departamento Cafayate;66;0.0102433370185492;Salta
Departamento;-248.902.273.126.574;-652.702.656.216.248;Direc. Grl. de Inmuebles;66028;Capital;Departamento Capital;66;0.0110630899609388;Salta
Departamento;-25.038.234.468.241;-662.030.292.859.746;Direc. Grl. de Inmuebles;66014;Cachi;Departamento Cachi;66;0.0183956332637273;Salta
Departamento;-251.514.718.801.816;-656.059.279.182.319;Direc. Grl. de Inmuebles;66042;Chicoana;Departamento Chicoana;66;0.00684584550754812;Salta
Departamento;-254.475.878.403.232;-655.807.612.448.506;Direc. Grl. de Inmuebles;66098;La ViÒa;Departamento La Vi√±a;66;0.0130018313887228;Salta
Departamento;-254.251.673.018.384;-64.588.141.248.868;Direc. Grl. de Inmuebles;66112;Met·n;Departamento Met√°n;66;0.0341750601094994;Salta
Departamento;-255.643.605.125.424;-664.549.057.919.868;Direc. Grl. de Inmuebles;66119;Molinos;Departamento Molinos;66;0.0241673311397467;Salta
Departamento;-247.648.231.076.768;-649.560.952.507.157;Direc. Grl. de Inmuebles;66049;General G¸emes;Departamento General G√ºemes;66;0.0141550721663711;Salta
Departamento;-258.276.863.599.322;-661.742.423.008.628;Direc. Grl. de Inmuebles;66154;San Carlos;Departamento San Carlos;66;0.0359678438857989;Salta
Departamento;-245.623.945.143.611;-654.300.986.417.702;Direc. Grl. de Inmuebles;66077;La Caldera;Departamento La Caldera;66;0.00707656029355545;Salta
Departamento;-248.751.339.637.689;-638.400.961.373.676;Direc. Grl. de Inmuebles;66007;Anta;Departamento Anta;66;0.145396621538509;Salta
Departamento;-258.718.676.537.564;-647.278.906.135.036;Direc. Grl. de Inmuebles;66140;Rosario de la Frontera;Departamento Rosario de la Frontera;66;0.0354806386685513;Salta
Departamento;-223.958.266.942.337;-648.956.351.260.047;Direc. Grl. de Inmuebles;66161;Santa Victoria;Departamento Santa Victoria;66;0.0257067249685503;Salta
Departamento;-227.169.492.299.382;-636.627.437.658.428;Direc. Grl. de Inmuebles;66056;General JosÈ de San MartÌ≠n;Departamento General Jos√© de San Mart√≠n;66;0.101573625000615;Salta
Departamento;-228.148.374.145.959;-649.202.186.004.952;Direc. Grl. de Inmuebles;66070;Iruya;Departamento Iruya;66;0.0224479110827555;Salta
Departamento;-246.424.364.614.968;-6.734.403.275.869;Direc. Grl. de Inmuebles;66105;Los Andes;Departamento Los Andes;66;0.162084197539954;Salta
Departamento;-234.987.690.402.927;-641.510.163.822.065;Direc. Grl. de Inmuebles;66126;Or·n;Departamento Or√°n;66;0.0744935302574919;Salta
Departamento;-241.468.804.221.181;-662.073.097.573.146;Direc. Grl. de Inmuebles;66091;La Poma;Departamento La Poma;66;0.0257464685889932;Salta
Departamento;-31.453.365.238.609;-698.338.001.250.755;Direc. de Geodesia y Catastro;70021;Calingasta;Departamento Calingasta;70;0.257688512934875;San Juan
Departamento;-319.896.198.487.776;-678.274.038.981.039;Direc. de Geodesia y Catastro;70126;25 de Mayo;Departamento 25 de Mayo;70;0.0484475600010916;San Juan
Departamento;-296.066.873.518.726;-69.437.949.892.691;Direc. de Geodesia y Catastro;70049;Iglesia;Departamento Iglesia;70;0.215162441965075;San Juan
Departamento;-307.122.962.694.155;-675.323.035.648.395;Direc. de Geodesia y Catastro;70119;Valle FÈrtil;Departamento Valle F√©rtil;70;0.0589946311427935;San Juan
Departamento;-310.904.647.062.097;-688.815.821.606.005;Direc. de Geodesia y Catastro;70112;Ullum;Departamento Ullum;70;0.0503459806801266;San Juan
Departamento;-312.096.344.810.555;-684.519.807.662.306;Direc. de Geodesia y Catastro;70007;AlbardÛn;Departamento Albard√≥n;70;0.0115231977396303;San Juan
Departamento;-316.381.980.593.912;-689.555.709.233.027;Direc. de Geodesia y Catastro;70133;Zonda;Departamento Zonda;70;0.0272428308110327;San Juan
Departamento;-311.922.192.642.063;-681.319.625.798.128;Direc. de Geodesia y Catastro;70014;Angaco;Departamento Angaco;70;0.0290270583676712;San Juan
Departamento;-31.506.381.702.579;-675.458.594.420.512;Direc. de Geodesia y Catastro;70035;Caucete;Departamento Caucete;70;0.0860331105126677;San Juan
Departamento;-316.458.046.846.082;-683.890.526.964.703;Direc. de Geodesia y Catastro;70063;9 de Julio;Departamento 9 de Julio;70;0.00175558192992495;San Juan
Departamento;-316.865.858.135.558;-684.675.631.318.926;Direc. de Geodesia y Catastro;70077;Rawson;Departamento Rawson;70;0.00326511461615207;San Juan
Departamento;-303.550.759.493.245;-684.412.683.481.467;Direc. de Geodesia y Catastro;70056;J·chal;Departamento J√°chal;70;0.161947599206999;San Juan
Departamento;-314.874.196.948.621;-685.239.289.662.613;Direc. de Geodesia y Catastro;70042;Chimbas;Departamento Chimbas;70;0.000762904819990603;San Juan
Departamento;-315.285.412.012.606;-682.072.931.248.825;Direc. de Geodesia y Catastro;70091;San MartÌ≠n;Departamento San Mart√≠n;70;0.00628505286477557;San Juan
Departamento;-315.542.325.394.479;-686.416.232.535.812;Direc. de Geodesia y Catastro;70084;Rivadavia;Departamento Rivadavia;70;0.00137345504497465;San Juan
Departamento;-315.327.173.670.967;-684.634.116.809.574;Direc. de Geodesia y Catastro;70098;Santa LucÌa;Departamento Santa Luc√≠a;70;0.000617293120832176;San Juan
Departamento;-317.459.555.808.161;-685.842.081.096.793;Direc. de Geodesia y Catastro;70070;Pocito;Departamento Pocito;70;0.00650025670271133;San Juan
Departamento;-32.073.542.322.508;-68.691.135.621.109;Direc. de Geodesia y Catastro;70105;Sarmiento;Departamento Sarmiento;70;0.0327230127200916;San Juan
Departamento;-315.330.748.483.572;-685.342.856.277.406;Direc. de Geodesia y Catastro;70028;Capital;Departamento Capital;70;0.000304404814290635;San Juan
Departamento;-321.656.565.638.277;-665.422.509.844.147;Direc. de Geodesia y Catastro;74007;Ayacucho;Departamento Ayacucho;74;0.106619124359691;San Luis
Departamento;-327.356.115.411.335;-667.150.069.507.327;Direc. de Geodesia y Catastro;74014;Belgrano;Departamento Belgrano;74;0.106328093347143;San Luis
Departamento;-35.369.087.077.487;-658.148.193.795.656;Direc. de Geodesia y Catastro;74042;Gobernador Dupuy;Departamento Gobernador Dupuy;74;0.247814471597882;San Luis
Departamento;-32.216.548.125.306;-653.939.560.584.901;Direc. de Geodesia y Catastro;74049;JunÌn;Departamento Jun√≠n;74;0.034639990566339;San Luis
Departamento;-327.269.672.116.015;-651.982.374.778.981;Direc. de Geodesia y Catastro;74028;Chacabuco;Departamento Chacabuco;74;0.031698655428991;San Luis
Departamento;-339.008.795.169.272;-665.025.775.641.531;Direc. de Geodesia y Catastro;74056;Juan MartÌn de PueyrredÛn;Departamento Juan Mart√≠n de Pueyrred√≥n;74;0.18035153168878;San Luis
Departamento;-338.905.514.573.194;-6.556.285.207.424;Direc. de Geodesia y Catastro;74035;General Pedernera;Departamento General Pedernera;74;0.196263739245874;San Luis
Departamento;-325.784.192.360.116;-657.095.887.724.917;Direc. de Geodesia y Catastro;74063;Libertador General San MartÌ≠n;Departamento Libertador General San Mart√≠n;74;0.045518672142986;San Luis
Departamento;-331.068.820.542.746;-65.900.790.202.998;Direc. de Geodesia y Catastro;74021;Coronel Pringles;Departamento Coronel Pringles;74;0.0507657216180514;San Luis
Departamento;-488.383.418.225.325;-684.681.621.286.703;IGN;78042;Magallanes;Departamento Magallanes;78;0.0831400667373905;Santa Cruz
Departamento;-499.474.837.007.267;-694.469.507.225.498;IGN;78007;Corpen Aike;Departamento Corpen Aike;78;0.109814466577191;Santa Cruz
Departamento;-468.341.030.724.218;-706.314.100.141.799;IGN;78035;Lago Buenos Aires;Departamento Lago Buenos Aires;78;0.11238095820884;Santa Cruz
Departamento;-473.305.185.775.707;-680.290.787.062.148;IGN;78014;Deseado;Departamento Deseado;78;0.2509118509201;Santa Cruz
Departamento;-482.873.290.186.499;-711.138.374.982.594;IGN;78049;RÌo Chico;Departamento R√≠o Chico;78;0.137473412641513;Santa Cruz
Departamento;-498.364.881.431.632;-720.654.713.338.211;IGN;78028;Lago Argentino;Departamento Lago Argentino;78;0.161091153605853;Santa Cruz
Departamento;-514.134.125.040.273;-705.618.155.470.895;IGN;78021;G¸er Aike;Departamento G√ºer Aike;78;0.145188091309108;Santa Cruz
Departamento;-334.855.834.326.751;-6.085.138.406.701;Servicio de Catastro e Informaci√≥n Territorial;82028;Villa ConstituciÛn;Departamento Villa Constituci√≥n;82;0.0249342168328718;Santa Fe
Departamento;-314.753.563.662.874;-606.694.790.125.744;Servicio de Catastro e Informaci√≥n Territorial;82063;La Capital;Departamento La Capital;82;0.0225119247730437;Santa Fe
Departamento;-289.699.286.424.835;-604.135.430.497.849;Servicio de Catastro e Informaci√≥n Territorial;82133;Vera;Departamento Vera;82;0.152931769704679;Santa Fe
Departamento;-28.849.605.091.735;-613.983.535.538.115;Servicio de Catastro e Informaci√≥n Territorial;82077;9 de Julio;Departamento 9 de Julio;82;0.127510429546258;Santa Fe
Departamento;-310.546.413.323.001;-60.125.807.734.045;Servicio de Catastro e Informaci√≥n Territorial;82035;Garay;Departamento Garay;82;0.0305553334918843;Santa Fe
Departamento;-313.153.379.046.182;-611.094.808.024.842;Servicio de Catastro e Informaci√≥n Territorial;82070;Las Colonias;Departamento Las Colonias;82;0.0475667367241727;Santa Fe
Departamento;-332.214.972.343.879;-615.310.164.822.665;Servicio de Catastro e Informaci√≥n Territorial;82014;Caseros;Departamento Caseros;82;0.026773290950756;Santa Fe
Departamento;-331.278.557.358.532;-607.108.416.659.256;Servicio de Catastro e Informaci√≥n Territorial;82084;Rosario;Departamento Rosario;82;0.014374422283757;Santa Fe
Departamento;-329.423.146.043.516;-609.615.014.674.026;Servicio de Catastro e Informaci√≥n Territorial;82119;San Lorenzo;Departamento San Lorenzo;82;0.0154101930956992;Santa Fe
Departamento;-327.060.836.088.838;-612.733.877.091.661;Servicio de Catastro e Informaci√≥n Territorial;82056;Iriondo;Departamento Iriondo;82;0.0246740178449298;Santa Fe
Departamento;-326.103.027.395.973;-617.042.951.949.086;Servicio de Catastro e Informaci√≥n Territorial;82007;Belgrano;Departamento Belgrano;82;0.0187004741728874;Santa Fe
Departamento;-321.537.713.586.804;-610.481.265.781.191;Servicio de Catastro e Informaci√≥n Territorial;82105;San JerÛnimo;Departamento San Jer√≥nimo;82;0.0337865669251049;Santa Fe
Departamento;-320.125.797.507.259;-618.082.508.211.602;Servicio de Catastro e Informaci√≥n Territorial;82126;San MartÌn;Departamento San Mart√≠n;82;0.0374897993604272;Santa Fe
Departamento;-312.314.149.716.439;-616.569.626.868.615;Servicio de Catastro e Informaci√≥n Territorial;82021;Castellanos;Departamento Castellanos;82;0.0507113079570981;Santa Fe
Departamento;-305.304.248.150.144;-604.886.940.672.765;Servicio de Catastro e Informaci√≥n Territorial;82112;San Justo;Departamento San Justo;82;0.0420253578325122;Santa Fe
Departamento;-302.283.191.431.559;-61.360.015.159.641;Servicio de Catastro e Informaci√≥n Territorial;82091;San CristÛbal;Departamento San Crist√≥bal;82;0.109486502039334;Santa Fe
Departamento;-301.041.461.066.388;-598.980.704.738.644;Servicio de Catastro e Informaci√≥n Territorial;82098;San Javier;Departamento San Javier;82;0.0499162830201214;Santa Fe
Departamento;-286.719.704.542.176;-595.266.516.978.974;Servicio de Catastro e Informaci√≥n Territorial;82049;General Obligado;Departamento General Obligado;82;0.0816368824899707;Santa Fe
Departamento;-339.251.483.443.292;-619.449.986.852.751;Servicio de Catastro e Informaci√≥n Territorial;82042;General LÛpez;Departamento General L√≥pez;82;0.0890044909529673;Santa Fe
Departamento;-265.210.512.908.819;-627.274.743.405.239;Direc. Grl. de Catastro;86014;Alberdi;Departamento Alberdi;86;0.0931468687608323;Santiago del Estero
Departamento;-300.205.633.751.884;-622.804.530.355.771;Direc. Grl. de Catastro;86154;Rivadavia;Departamento Rivadavia;86;0.0250829925700088;Santiago del Estero
Departamento;-280.394.963.430.537;-625.440.138.783.592;Direc. Grl. de Catastro;86098;Juan F. Ibarra;Departamento Juan F. Ibarra;86;0.0677168996019885;Santiago del Estero
Departamento;-285.682.847.400.822;-623.388.258.455.986;Direc. Grl. de Catastro;86077;General Taboada;Departamento General Taboada;86;0.0445402322367629;Santiago del Estero
Departamento;-287.536.335.933.641;-647.638.996.164.731;Direc. Grl. de Catastro;86063;Choya;Departamento Choya;86;0.0456491247414412;Santiago del Estero
Departamento;-274.854.057.246.231;-647.601.873.654.679;Direc. Grl. de Catastro;86147;RÌo Hondo;Departamento R√≠o Hondo;86;0.014915157551343;Santiago del Estero
Departamento;-274.347.067.679.294;-642.098.658.068.888;Direc. Grl. de Catastro;86035;Banda;Departamento Banda;86;0.0251922426734734;Santiago del Estero
Departamento;-281.061.147.414.005;-634.461.751.488.674;Direc. Grl. de Catastro;86182;Sarmiento;Departamento Sarmiento;86;0.0123315789643908;Santiago del Estero
Departamento;-290.813.959.929.051;-622.187.677.325.403;Direc. Grl. de Catastro;86042;Belgrano;Departamento Belgrano;86;0.0246668201584411;Santiago del Estero
Departamento;-292.978.682.731.406;-625.153.416.521.407;Direc. Grl. de Catastro;86007;Aguirre;Departamento Aguirre;86;0.0303572842304925;Santiago del Estero
Departamento;-279.767.710.254.958;-648.711.532.150.043;Direc. Grl. de Catastro;86084;Guasay·n;Departamento Guasay√°n;86;0.0194770451053937;Santiago del Estero
Departamento;-278.847.652.276.316;-644.356.675.404.002;Direc. Grl. de Catastro;86049;Capital;Departamento Capital;86;0.0155267201428189;Santiago del Estero
Departamento;-286.244.804.367.569;-643.107.274.308.234;Direc. Grl. de Catastro;86105;Loreto;Departamento Loreto;86;0.0229358856992132;Santiago del Estero
Departamento;-273.218.567.500.252;-635.796.320.220.819;Direc. Grl. de Catastro;86070;Figueroa;Departamento Figueroa;86;0.0517422165750496;Santiago del Estero
Departamento;-272.981.373.849.478;-624.633.306.370.511;Direc. Grl. de Catastro;86119;Moreno;Departamento Moreno;86;0.119399395181023;Santiago del Estero
Departamento;-286.918.181.694.465;-638.815.639.978.494;Direc. Grl. de Catastro;86021;Atamisqui;Departamento Atamisqui;86;0.0177841038394763;Santiago del Estero
Departamento;-293.040.900.587.554;-640.149.932.737.063;Direc. Grl. de Catastro;86126;Ojo de Agua;Departamento Ojo de Agua;86;0.0473957008788614;Santiago del Estero
Departamento;-259.392.514.746.819;-627.304.991.775.974;Direc. Grl. de Catastro;86056;Copo;Departamento Copo;86;0.0938371656473965;Santiago del Estero
Departamento;-278.539.440.726.125;-639.075.092.603.179;Direc. Grl. de Catastro;86161;Robles;Departamento Robles;86;0.00990168481088295;Santiago del Estero
Departamento;-281.888.486.587.603;-642.732.683.808.708;Direc. Grl. de Catastro;86189;SilÌpica;Departamento Sil√≠pica;86;0.00901834847727908;Santiago del Estero
Departamento;-289.187.435.892.712;-633.035.949.540.839;Direc. Grl. de Catastro;86168;Salavina;Departamento Salavina;86;0.02340225654888;Santiago del Estero
Departamento;-262.203.346.046.951;-640.912.083.069.938;Direc. Grl. de Catastro;86133;Pellegrini;Departamento Pellegrini;86;0.0498952819403067;Santiago del Estero
Departamento;-285.553.626.652.401;-632.037.665.884.943;Direc. Grl. de Catastro;86028;Avellaneda;Departamento Avellaneda;86;0.0280271845799554;Santiago del Estero
Departamento;-296.150.659.886.474;-627.386.805.205.781;Direc. Grl. de Catastro;86112;Mitre;Departamento Mitre;86;0.0251902265193394;Santiago del Estero
Departamento;-29.382.302.416.388;-633.535.127.711.283;Direc. Grl. de Catastro;86140;Quebrachos;Departamento Quebrachos;86;0.0293064505899869;Santiago del Estero
Departamento;-281.877.612.837.658;-63.854.114.579.231;Direc. Grl. de Catastro;86175;San MartÌn;Departamento San Mart√≠n;86;0.0131389668421217;Santiago del Estero
Departamento;-26.899.591.169.452;-642.725.159.118.858;Direc. Grl. de Catastro;86091;JimÈnez;Departamento Jim√©nez;86;0.0404221651328384;Santiago del Estero
Departamento;-827.834.172.335.301;-506.450.428.018.267;SCAR;94028;Ant·rtida Argentina;Departamento Ant√°rtida Argentina;94;0.990899967306979;Tierra del Fuego, Ant·rtida e Islas del Atl·ntico Sur
Departamento;-537.462.919.872.259;-681.361.046.546.959;Gerencia de Catastro Pcial.;94008;RÌo Grande;Departamento R√≠o Grande;94;0.00157956890093448;Tierra del Fuego, Ant·rtida e Islas del Atl·ntico Sur
Departamento;-547.704.623.704.114;-666.837.162.279.656;Gerencia de Catastro Pcial.;94015;Ushuaia;Departamento Ushuaia;94;0.00189495779781716;Tierra del Fuego, Ant·rtida e Islas del Atl·ntico Sur
Departamento;-268.624.408.970.891;-654.310.597.836.071;Direc. Grl. de Catastro;90063;Lules;Departamento Lules;90;0.0272511145586003;Tucum·n
Departamento;-267.861.906.133.402;-653.424.091.314.535;Direc. Grl. de Catastro;90119;Yerba Buena;Departamento Yerba Buena;90;0.00630225694305269;Tucum·n
Departamento;-266.607.281.369.398;-654.634.432.127.741;Direc. Grl. de Catastro;90105;TafÌ Viejo;Departamento Taf√≠ Viejo;90;0.0521184370583673;Tucum·n
Departamento;-265.309.358.872.581;-648.198.149.704.644;Direc. Grl. de Catastro;90007;Burruyac˙;Departamento Burruyac√∫;90;0.160597667286576;Tucum·n
Departamento;-27.713.461.665.638;-652.554.821.697.556;Direc. Grl. de Catastro;90035;Graneros;Departamento Graneros;90;0.0752212989919278;Tucum·n
Departamento;-272.695.777.554.986;-658.110.121.945.484;Direc. Grl. de Catastro;90021;Chicligasta;Departamento Chicligasta;90;0.0573478055735044;Tucum·n
Departamento;-271.106.075.164.054;-656.431.429.705.926;Direc. Grl. de Catastro;90070;Monteros;Departamento Monteros;90;0.0527851191531185;Tucum·n
Departamento;-271.918.024.636.989;-650.850.078.123.385;Direc. Grl. de Catastro;90056;Leales;Departamento Leales;90;0.0874199091607964;Tucum·n
Departamento;-269.759.879.123.642;-654.789.798.424.484;Direc. Grl. de Catastro;90028;Famaill·;Departamento Famaill√°;90;0.0203477427693039;Tucum·n
Departamento;-26.832.724.441.173;-652.174.963.397.207;Direc. Grl. de Catastro;90084;Capital;Departamento Capital;90;0.00395746216290431;Tucum·n
Departamento;-269.182.437.174.427;-649.757.343.718.485;Direc. Grl. de Catastro;90014;Cruz Alta;Departamento Cruz Alta;90;0.0532364512908291;Tucum·n
Departamento;-263.432.601.177.699;-654.054.839.941.384;Direc. Grl. de Catastro;90112;Trancas;Departamento Trancas;90;0.132955228797671;Tucum·n
Departamento;-265.914.036.518.985;-658.894.957.616.981;Direc. Grl. de Catastro;90098;TafÌ del Valle;Departamento Taf√≠ del Valle;90;0.108239413581945;Tucum·n
Departamento;-27.793.699.696.551;-655.981.413.742.508;Direc. Grl. de Catastro;90049;La Cocha;Departamento La Cocha;90;0.0426115850585463;Tucum·n
Departamento;-276.058.945.987.109;-657.832.035.039.246;Direc. Grl. de Catastro;90042;Juan Bautista Alberdi;Departamento Juan Bautista Alberdi;90;0.0328052934259343;Tucum·n
Departamento;-27.450.131.903.938;-657.517.295.073.354;Direc. Grl. de Catastro;90077;RÌo Chico;Departamento R√≠o Chico;90;0.0272006610777302;Tucum·n
Departamento;-27.424.163.373.399;-652.918.660.955.326;Direc. Grl. de Catastro;90091;Simoca;Departamento Simoca;90;0.0596025531091905;Tucum·n
